age	days	emotional	fan	feel	golden	great	hear	jim	jim reeves	life	love	love hear	loving	reeves	singer	singers	thank	time	voice	voice love
1st	30	blessing	came	day	december	god	granted	greatest	hope	later	leave	life	man	mary	nam	reality	song	song hope	thank	tour	years
heart
close	come	come close	elvis	king	number	place	taking
begin	future	generation	goes	hit	new	new generation	play	play song	play song radio	radio	song	song radio
father	jim	jim reeves	listen	reeves	remember	used	used listen	young
father	favorites	late	meaning	played	singer	song	song singer	special	time	time favorites
100	college	come	daddy	generation	grandma	grandpa	guess	heard	jim	jim reeves	love	man	maybe	mr	old	reeves	sing	singer	sir	songs	wonderful	years	years old
elvis
best	best best	blues	country	elvis	heart	music	rhythm	rock	rock roll	roll	soul
baby	blow	like	mind
absolutely	elvis	forever	love	really	showing
different	enjoy	generations	great	hear	quality	true
favorite	favorite singer	forever	listen	singer	singer time	time
beautiful	beautiful song	distant	distant drums	drums	especially	hear	jim	jim reeves	love	reeves	song	songs
beautiful	die	know	loved	man	mother	music	music think	played	song	song beautiful	sounds	think	word
best	country	singers	time	voice
60	heart	sound
absolutely	appreciate	brilliant	days	good	good music	jim	music	older	people	posting	posting video	thanks	thanks posting	video	yes
beautiful	beautiful music	come	great	great voice	innocent	jim	jim reeves	live	long	music	music think	reeves	think	time	time ve	ve	ve come	voice
boy	favorites	girl	great	interpretation	little	mother	number	says	think	treat
boy	brought	early	girl	knew	think
boy	favorite	great	great songs	songs
1967	fantastic	listening	right	version
away	dear	different	distant	distant drums	drums	favorite	gone	heard	jim	jim reeves	meaning	oh	reeves	songs	sound	takes	tears
amazing	classic	heart	known	little	song
amazing	heard	heard song	rhythm	song	song wow	voice	wow
like	parents	song
childhood	friends	just	listen	mom	seen	sing	singing	song	started	stop	today
100	beatles	best	classic	music	played	years
album	doubt	greatest	just	single	story	tommy	unbelievable	work
brilliant	brilliant song	like	love	nice	nice version	orchestra	song	song like	ve	version	white
favorites	magnificent	time	today
band	broken	fell	heard	hit	hit home	home	love	love song	really	road	song	song time	time	time heard
60s	90s	appreciate	day	don	enjoy	folks	god	like	magic	man	meaning	music	music like	oh	play	play don	playing	short	talking	wanna
beat	classic	does	does know	drummer	know	love	thanks
amazing	background	background music	classics	credit	deserved	did	dramatic	got	love	music	pop	powerful	probably	sharing	songs	thank	thank sharing	work	youth
don	let	song	trailer
cause	good	good music	like	like song	listen	music	parents	song	song like
called	don	hear	hear song	job	let	lol	makes	middle	saw	song	think	trailer	world
days	don	great	great song	sad	song	songs	songs days	words
listen	listen song	look	mom	song	told
elvis	forever	great	live	long	miss	singers	world
beautiful	emotion	family	king	live	long	makes	single	song	song makes	time
generation	generations	just	lived	music	prefer	song	wish
guess	just	late	leave	love	really	really love	tell
amazing	away	care	girl	hard	lost	love	met	ones	showing	time
able	left	life	loved	sad	soul	started	think	wish	wrong
elvis	michael	presley	sad	time	wish
awesome	favorite	favorite singer	greatest	loss	singer	world
16	16 years	16 years old	amazing	listen	old	people	ve	years	years old
die	going	grew	hard	learned	little	love	loved	probably	say	things	told	woman
didn	little	love	love music	maybe	music
age	came	movie	treasure	youth
attention	classic	life	love	lyrics	pay
feel	feel like	given	like	song
amazing	bass	brothers	don	forget	great	greatest	hear	man	thanks	underrated	voices
age	legend	man	old	power	soul	vocal	voice	years	years old	young	young age
17	davis	goes	maybe	old	school	son	song	song think	teacher	think	way	wrote
16	16 years	16 years old	age	believe	good	hard	old	really	really good	said	years	years old
blow	great	great tune	like	sing	tried	tune	voice
black	come	got	natural	soul	thing
aren	band	great	great band	popular	really	really great	recognized	shame	songs
60	comments	idea	loved	loved song	read	singing	song
100	absolutely	beautiful	gold	great	great music	life	line	masterpiece	memories	music	pure	sound	talent
appreciated	people	realize	soulful	teens	time
1967	ago	long	music	nowadays	peace	think	time	touch	wow
best	better	case	point	rest	time	told
great	group	hear	share	thank	voice	wow
60	age	ask	band	brought	daughter	movie
bad	favorite	heard	love	song	song heard	version	version song
family	home	love	man	past	sad	sad song	song	tells
14	grandma	love	song	thank
know	laura	sing	tommy
hit	love	really	single	stands
happened	hit	hit wonder	like	lost	lovely	lovely voice	voice	wonder
enjoy	love	nice	nice song	song	song love
friend	laura	singing
appreciate	great	great tunes	like	teens	tunes
brilliant	brilliant song	really	song	song really	tragedy
happens	laura
compilation	laura	song	song video	trailer	version	version song	video
anymore	create	knowing	laura	like	like anymore	maybe	music	music like	people	sorrow	thing
better	crap	grew	hear	songs	songs better	sort	words
best	best music	forgotten	music
cases	half	lyrics	video	wrong
century	certainly	lady	video	vintage	young
day	days	good	like	make	nice	nice song	nice song nice	song	song nice	songs	words
sad	songs
entertainer	greatest	person	say	talking	thank	time
concert	greatest	history	music
gorgeous	heart	man	voice
called	good	king	known	wish
face	high	sings	voice
artist	away	blues	doubt	greatest	james	listened	make	maybe	music	said	song	taylor	thing	time	times	tune	ve	version	white	written
awesome	elvis	person	song	song sung	sung
best	just	live	seen	wish
concert	elvis	gone	ride	year
certainly	earth	gorgeous	just	left	lol	looking	right	soon
awesome	best	best best	blues	doubt	great	incredible	love	man	mr	music	presley	really	singer	singing	song	world
beginning	beginning song	forever	king	know	like	looks	love	music	song	song looks	thinking
background	blues	elvis	great	great song	hear	love	love hear	playing	song
comfortable	definitely	low	music	style	think
bless	elvis	forever	friend	god	god bless	greatest	miss
angel	artist	died	earth	eyes	god	greatest	handsome	handsome man	man	peace	rest	rest peace	unique	unique voice	voice	young
did	masterpiece	minutes	perfect	studio	wonder
elvis	forever	gone	heard	life	like	special	time	video
cover	cover song	elvis	forget	key	look	making	played	song	tune
absolutely	band	bless	burton	elvis	entertainer	fantastic	forever	glen	god	god bless	great	greatest	heart	heaven	james	singer	time	vocalist	world
fantastic	greatest	music	performance	time	voice
amazing	brilliant	come	great	masterpiece	work	wrong
beautiful	beautiful handsome	biggest	elvis	handsome	history	hot	music	singer	song
close	come	come close	elvis	entertainer	god	greatest	man	peace	rest	rest peace	sent	world
40	burton	elvis	james	old	song	years	years old
compared	king	music
better	fantastic	favorites	gold	perfect	pure	pure gold
backing	good	good singer	great	great pop	great singer	john	orchestra	pop	really	records	singer	strings	superb	use	wasn
50s	60s	born	elvis	emotion	grew	heartfelt	late	orbison	roy	songs	sung	thank	thought
best	favorite	feeling	generation	known	popularity	roy	sure	talent	ve
50	50 60	60	music	songs	soul	today	today music	unlike
bass	did	did know	know	singer	talented	voice
bit	feeling	know	listened	lonely	right	roy
classic	enjoy	live	lonely	work
agree	big	completely	feelings	great	great stuff	lyrics	nice	stuff	thanks
16	artists	daughter	good	good music	great	knew	like	loves	music	old	old daughter	orbison	right	rock	rock roll	roll	year
16	16 years	16 years old	age	begin	day	hope	kind	like	like song	love	old	really	really like	song	song hope	wonderful	wow	years	years old
bless	don	don know	fantastic	god	god bless	know	missed	ones	roy	singer	young
amazing	amazing song	away	brings	brings tears	december	eyes	home	ll	passed	passed away	rip	road	roy	song	start	tears	tears eyes	tour	town	truly	uk	way
die	door	family	house	looking	love	man	music	old	person	roy	sir	wonderful	yes
classics	like	pleasure
forever	forget	love	magnificent	man	music	music love	orbison	roy
50s	60s	beat	beautiful	beautiful song	early	late	song	totally	unique
awesome	range	style
listen	live	oh	time	want
100	agree	live	wished
ago	english	just	looked	love	love song	minutes	song	song just
ago	away	dare	feelings	like	listen	love	make	man	music	passed	passed away	songs	totally	understand	years
doesn	folks	glad	hear	heart	hope	just	like	maybe	played	real	rock	rock roll	roll	stuff	today	world	young
ago	album	baby	ended	know	know song	ll	long	remember	song	sure	talking	think	years
actually	sing
country	country music	great	great music	like	music	music like	wished
believe	country	country music	god	hear	music	music today	play	radio	real	rock	sucks	thank	thank god	today	true	true country	true country music	youtube
beautiful	country	gold	great	hank	locklin	recorded	single	songs
ain	classics	country	just	love	love old	old	stuff
believe	legend	locklin	loved	loved song	song	voice
classic	country	country music	favorite	music	stand	today
dad	kind	love	mom	music	music love
17	love	love old	music	old	school	years	years old
dad	got	incredible	music	recordings
country	heard	hits	love	love song	song	song heard
best	blessing	come	god	really	years
classic	country	did	great	hank	hits	thank
comment	saw	youtube
just	let	photo	post	ricky	shared	youtube
friend	girl	laura	nice	young
bad	laura	sing
grandparents	means	named	quite	song
background	background music	like	like nowadays	listen	music	music like	nowadays	words	wow
just	just love	listening	love	love listening	old	old songs	songs
childhood	didn	friends	grandpa	great	think
best	best version	john	like	song	think	version	version song
heard	hearing	love	time	version
john	listen	listen song	right	song	tired
favorites	sharing	thank	thank sharing	time	time favorites
don	don make	favorites	like	make	posting	shame	sure	thank	thank posting	used
awesome	better	country	just	like	love	old	really	really love
childhood	favorite	man	screen	sharing	thank
anybody	does	don	know	nice	nice video	piano	posting	thanks	thanks posting	video	way
enjoy	listening	old	posting	really	songs	thanks	thanks posting	wonderful
country	fans	good	good song	great	old	post	song	thanks	young
real	sound	time
best	country	hear	love	love song	matter	pop	song	times
great	know	lyrics	make	song	song think	think	true
great	locklin	opinion	version
don	don make	great	great performance	like	make	nowadays	performance	rock	stars	used
country	don	good	music	people	real	real music	taste
anymore	country	don	happened	isn	just	like	like today	mean	music	music just	today	today music
days	don	hip	let	life	like	low	meaning	music	music like	pop	rap
appreciate	ask	heart	listening	listening song	man	song	times
dance	dance song	daughter	love	love music	music	old	old daughter	song	years	years old
best	best friend	better	englebert	feel	feeling	friend	hear	low	songs
special	waltz	wish
beautiful	forever	handsome	love	song	song love	touching	touching song	voice
artist	don	don know	feelings	know	legend	star	start	true	true legend	voice	wonderful
best	better	brilliant	brilliant song	come	course	don	englebert	song	song sung	sung
beautiful	beautiful song	beautiful song love	doc	love	peace	song	song love
change	change love	love	love love	love old	old	old songs	songs
happy	love	love song	make	nice	song	song make
actually	age	golden	golden age	great	melody
beautiful	didn	god	know	make
beautiful	beautiful songs	englebert	songs	think
beautiful	beautiful song	legend	loves	sang	song	true	true legend
dance	dance song	song
beautiful	beautiful songs	compose	compose beautiful	nowadays	songs	touching
brought	come	dancing	family	favorite	just	time
nice	passed	songs	time
beautiful	just	just beautiful	like	music	music just
10	11	amazing	amazingly	amazingly beautiful	beautiful	beautiful song	beautiful song great	dance	dance waltz	feel	feel like	getting	great	great lyrics	great lyrics superb	just	just love	just love amazing	just makes	like	like getting	like getting dance	love	lyrics	makes	makes feel	makes feel like	music	music just	sharing	song	song great	superb	superb voice	superb voice mesmerizing	voice	waltz
ago	beautiful	beautiful song	beautiful song love	come	come true	concert	days	dream	dream come	dream come true	love	love music	music	song	song love	true
best	best singer	life	love	love songs	singer	songs
got	peace	romantic	song	songs	sweetest	wow
break	everyday	life	lonely	lonely man	lonely man love	love	love life	man	man love	start	wake
1967	beautiful	comes	course	melody	original	really	records	think	version
beauty	loved	music	pure	understand
artist	beautiful	beautiful songs	favorite	grew	know	lyrics	mom	songs
14	beautiful	family	favorite	hear	hear song	know	know song	learn	old	song	song beautiful
magnificent	voices
artists	classic	generations	just	modern	songs	sung	today
like	like today	make	songs	today	wish
forget	record	wife
love	loved	ones	presence
forever	ones	songs	stay
age	called	golden	loved	loved song	old	song	years
2019	classic	happened	listening	romantic	song
listening	meaning	music	nowadays	song
cause	day	loving	make	song	song make	ve
beautiful	beautiful voices	grew	listening	number	song	soulful	tired	voices	world
great	lost	mans	songs	thanks	time
amazing	amazing voice	classic	song	song thank	thank	truly	voice
break	don	everyday	try	wake	want
class	just	recorded	song
days	looking	lyrics	old	power	sing	sing song	song
bless	care	family	god	god bless	good	good singer	got	love	lovely	sing	singer	wife
music
don	good	guys	just	know	like	songs	talent	video
best	best singer	ended	life	love	love life	sing	singer	wish
lonely	lonely man	lonely man love	love	man	man love
beauty	broken	heart	real	song	understand
anymore	appreciate	clip	days	don	don make	far	just	just don	left	like	like anymore	make	memories	read	thanks
class	crafted	musicians	performed	pop	real	song	underrated
big	harmonies	hear	intro	lovely	pop	proper	record	sing	tune
great	great tune	guy	happy	sings	tune
70s	best	best pop	best songs	class	come	pop	pop songs	songs	written
2019	feel	happy	listening	listening song	love	love song	make	make feel	song	song make
1st	classics	hey	message	play	thanks	time	weeks
comments	like	make	posting	posting video	thanks	video	watching
intro	naturally
good	harmonies	heart	lyrics	sing	singers
classic	dance	hits	really	soul
classic	intro	masterpiece	match
1st	especially	heard	just	just heard	lyrics	old	single	time	tune	written
great	harmonies	just	little	love	love song	number	song	song great	uk
better	intro	nice	orchestration	singing	tune
beautiful	beautiful music	compose	compose beautiful	guys	love	love song	music	music love	song
don	like	like song	song	wrong
appreciated	really	song	song really
heart	love	love song	song	words
beautiful	vocals	words
early	far	hope	learn	loss	song	sorry	sweet
50	50 60	60	80	hear	heaven	love	loved	proper	singers	thank	youtube
beautiful	beautiful song	hit	song
beautiful	beautiful song	people	retarded	song	version
greatest	lady	singer	singer time	teresa	time
brewer	fantastic	hill	lovely	nice	spend	talented	woman
50	beautiful	brewer	early	hill	hits	instead	interpretation	late	like	mary	missed	original	sad	sang	sing	teresa	today	wake	wrong
called	great	hill	place
america	anymore	rip	singers
loved	recordings	songs	thank	wonderful
favorite	lady	listening	love	love listening	lovely	lovely voice	mind	peace	voice	voice love
glad	likes	lol	music	think	used	wrong
like	miss	teresa	voice
dynamite	little	miss	miss dynamite	oldies	singers
nice	sweetest	teresa	version
don	just	way	youtube
earth	heaven	ll
billy	earth	handsome	like	sings	world
billy	billy eckstine	come	eckstine
unique	vaughan	voices
beautiful	beautiful voice	loved	voice
beautiful	beautiful song	don	gives	handsome	lovely	man	play	play don	song	world
close	close eyes	eyes	just	listen	perfect
billy	billy eckstine	called	classic	eckstine	hit	hit single	single	timeless
handsome	handsome man	heavenly	heavenly song	looks	man	met	song	song looks	wish
justice	like	mans	posting	song	thank	thank posting	unique	voice	words
great	great voice	posting	thank	thank posting	voice	wonderful
great	male	recordings	singer	truly
beautiful	beautiful song	billy	singer	song	underrated	voice
history	knew	lived	magic	music	time
beautiful	know	piece	played
anybody	better	guy
like	voice	wonderful	wow
carlos	movie	played	tune	wonderful
hearing	music	romantic	true	tunes
11	17	18	baby	days	girl	love	today
end	head	makes	musical
crap	day	listen	long	played	radio	rock	rock roll	roll	used	used listen
good	music	naughty	pop
did	town
love	love song	scary	song
hear	hear song	like	like song	lot	song	song like
belong	came	care	don	group	listen	message	political
away	breath	breath away	just	needs	says	son	song	takes	takes breath	takes breath away
adult	beautiful	brought	future	given	human	instead	names	new	scary	stupid	think	world
baby	parents	song	told
baby	days	door	exactly	favorite	guy	listen	new	old	song	time	time favorite	time song	told
download	song
day	great	great music	just	lyric	music	real
50	music	pop	pop rock	pure	rock	rock roll	roll	white
believe	dislike song	great	new	song	song great
days	different	lady	naughty
couple	did	favorite	favorite singer	heard	lady	loved	lovely	met	music	play	play music	rip	singer	time	time favorite	time heard	times	voice
15	17	best	best friend	came	died	friend	scary	song	song came	story	year
beautiful	beautiful song	friend	sing	song	tell
channel	just	said	songs	vale
ago	commented	didn	know	like	long	song	time	vale	yes
dance	dance song	daughter	living	loves	old	old daughter	says	sing	song	sway	sway weak	weak	year
leave	music
beautiful	called	couple	fantastic	heaven	met	song	song beautiful	used	work	years
16	like	music	na	old	singers	type
did	english	heard	heard song	later	learn	lyrics	said	say	song	sway	thought	time	time heard	weak
disturbing	draw	imagination	just	life	need	old	world
better	better original	cases	lyrics	new	original
best	best singer	singer
bit	dancing	dean	favorite	feel	headphones	sad	song
love	love song	new	song	versions	year
beautiful	father	know	listened	loved	sang	sang song	song
dean	like	michael	original	original version	prefer	really	really like	version	voice
come	heard	voice
just	photo	thanks	thanks youtube	voice	youtube
backing	dickie	dickie valentine	didn	good	great	great singer	looking	music	need	singer	singers	true	valentine	voice
new	performance
big	couple	door	frankie	hits	original	sang	uk	vaughan
called	certain	comment	dickie	dickie valentine	elvis	frankie	guy	international	male	mr	presley	running	taking	uk	valentine	vaughan	vocalist	years
best	billy	billy fury	isn	just	like	right	totally	version	voice	way
billy	billy fury	did	did know	know	song	version	version song
popular	uk
channel	great	hello	pleasure	sharing	song	thank	video
break	enjoy	heart	like	music	songs
mans	texting
play	play song	song	song time	time
original
actress	tell	video
fantastic	fantastic voice	gorgeous	hello	voice	woman
eyes	life	like	sad	sad song	song	tears	tears eyes
believe	end	great	movie	really	tragic
listen	mean	song	world
best	best video	best video seen	course	great	seen	song	song great	video	video seen
60s	70s	amazing	amazing song	anymore	brenda	brenda lee	forever	forgotten	generation	god	happy	know	lee	like	music	music like	new	new generation	real	real music	sironaca	song	song thank	songs	thank	thank god	youtube
men	nowadays	real	time	women	world
listening	listening song	love	love listening	song
better	enjoy	everyday	treat
love
emotional	feel	lyrics	voice
greatest	listen	oh	think	think oh	think oh greatest
end	life	love	love life	meaning	song	world
great	help	know	lol	love	meaningful	outstanding	pay	person	say	single	time	work
brenda	brenda lee	day	day thanks	great	great singer	lee	listen	love	love song	singer	song	song great	thanks	thanks youtube	youtube
came	crap	just	just came	right
best	best video	best video seen	seen	video	video seen
interesting	know	movies
love	people	people love	song	wow
change	fans	just	just love	lady	little	love	love song	people	sironaca	song	thank	voices	way	wonderful
effect	funny	hear	song
best	song	song world	world
magic	sway	sway weak	weak
bless	dean	god	god bless	soul	wonderful
dance	headphones	listening	platform
gold	man	pure	pure gold	sing
everytime	hear	sound
darkness	different	guess	light	people	song	sun	things	words
child	especially	fantastic	fantastic voice	loved	songs	voice	young
60s	70s	beauty	best	best music	music	natural
appreciate	good	sings	youtube
artist	clip	don	great	great song	mean	movie	people	showing	singing	sings	song	song sung	stars	sung
lived	lol	mind	probably	remember	time	wish
big	girl	great	little	single	understand	voice	word
beautiful	makes	sound
beautiful	beautiful handsome	handsome	look	past	people
beautiful	beautiful sad	love	love song	romantic	sad	song
better	davis	feeling	good	like	makes	original	puts	seeing	song	song makes	version	way
beautiful	days	intelligent	later	pretty	women
best	best version	heard	song	song heard	version	wonderful	wonderful song
moment	reason
beautiful	screen	stars	thanks
beautiful	feels	good	hear	like	live	love	sad	sad song	says	song	song like	takes	things	time	true	version	version song	young
brilliant	compilation	greatest	hard	pure	screen	sironaca	work
able	add	age	credit	dean	didn	glen	golden	golden age	great	half	james	john	list	men	movie	nice	past	running	song	stars	video	women	wonderful	wonderful song
let	love
life	meaning	music	people	point	song	things	think	understand
god	life	love	love life	love music	music	music love
comment	does	does know	know	movies	pictures	thank	time
cause	feel	feel like	incredible	kind	like	living	makes	makes feel	makes feel like	missing	song	song makes	time	time ve	ve
song	thought
blessing	hard	work
doing	great	sing
did	did know	did know song	know	know song	playing	singing	song	started	thanks
listened	songs	thank
gold	youtube
actress	background	clip	does	does know	hand	know	man	photo
broken	hearts	help	like	sorry	time
best	best music	brenda	brenda lee	collection	hit	lee	little	music	outstanding	place	real	singers	world
names	nice	people	people photos	photos	recognized	think	video
forgotten	hear	list	loved	rest	sorry
great	real	really	really great	stars
beautiful	great	great job	iconic	images	job	just	just beautiful	love	movies	perfect	seen	sironaca	song	song great	special	ve	ve seen	video
emotion	great	great singer	love	loving	person	singer	true	yes
don	emotion	sing	sing song	singers	singing	song	use	vocal	young
came	really	time	wish
beautiful	did	gone	look	years
actress	close	does	does know	face	half	know	thank	video	way	youtube
angel	dynamite	god	great	great music	great voices	just	just love	little	love	men	miss	miss dynamite	music	peace	second	sent	voice	voices	women
emotion	great	interpretation	lot	really	sing	song	woman	wow
angel	human	wake
face	fits	new	nice	nice video	pictures	song	story	tell	video
end	listening	song	song sung	sung	touching	touching song	world
beautiful	beautiful voice	feeling	glad	heart	just	leave	left	life	shared	voice
beautiful	like	like song	song	thank
absolutely	come	hit	like	lot	quite	sang	sorry	ve	ve come	version	voice
great	great song	great song great	huge	images	song	song great
best	brilliant	feel	good	happened	heart	lost	makes	really	sad	sad song	song	things	thinking	wish
hear	song	touching	wonderful	wonderful song	words
melancholy	songs	sorrow	use
come	does	feels	really	time	times	world
believe	dynamite	little	love	modern	perform	singer	superb	today
beautiful	couples	heavenly	heavenly song	legends	screen	song
hear	kind	melody	performance	unbelievable
anymore	brenda	brenda lee	don	favorites	hit	hit home	home	just	just don	lee	list	lyrics	make	reality	sang	singer	songs	sure	think	time	time favorites
beautiful	bless	dear	friends	god	god bless
absolutely	amazing	amazing voice	beautiful	brings	brings tears	eyes	makes	songs	story	tears	tears eyes	voice
know	know song	listen	ll	love	love song	lyrics	meaningful	movie	people	people love	powerful	really	song	understand
compared	garbage	lot	music	singers	todays
love	moment	yes
fantastic	music	sure	video
50	brenda	emotion	feeling	great	heard	heaven	lady	like	listening	love	real	singer	sounds	sounds like	tire	voice	years
amazing	emotional	song	thank	video	way
brilliant	classic	ear	left	lovely	middle	million	perfect	piano	right	strings	thank	version	voice
makes	stand
actress	fantastic	fantastic voice	heard	voice	woman
better	better original	like	opinion	original
better	love	nowadays	romantic	song	song song	story
called	dynamite	miss	miss dynamite
brenda	brings	davis	does	emotion	great	great job	job	originally	song	sung
like	like today	today
certainly	does	does know	film	fits	know	singer	song	song singer	star	superb
best	female	rock	rock roll	roll	song	version	vocal
40	anybody	cute	unforgettable	woman
amazing	amazing voice	child	comfortable	concert	presence	special	vocalist	voice
baby	come	don	doubt	era	like	lovely	lyrics	ones	post	really	sadly	shame	songs	time	time really	today	yes	young
add	best	best version	black	days	easily	effect	gone	hey	long	lovely	magic	version	voice	white
create	did	don	don know	great	know	say	thank	video	wonderful
english	know	know song	learn	song
good	grandpa	great	send	song	song wow	wow
good	good song	heard	song
happy	just	just makes	listen	listening	makes	music	older	retarded	sound	wonder
man	morning	soon
funny	gets	legend	michael	played	radio
crap	day	day great	did	great	great tunes	history	knew	know	look	rest	sadly	stage	tunes	wrote
days	great	people	probably	song	song great	world
don	lol	thank	want
got	honest	just	music	rest
care	don	love	love music	music	song
enjoy	music	people
god	instruments	music	parents	thank	thank god	used	wish	wow
cool	don	good	like	like nowadays	meaningful	music	music like	nice	nice song	nowadays	performed	rhythm	song	sort	times	tunes
best	black	brothers	did	group	just	life	like	living	love	man	moving	people	perform	sing	song	stay	talent	tavares
amazingly	amazingly beautiful	beautiful	classic	gorgeous	heard	music	song	thank	titans
certain	hear	supernatural	think	time
car	listening	listening song	song	star	titans
heard	kind	love	songs	titans
like	taking
good	mom	music	playing	real	real music	right	sharing	thanks
best	got	heard	song	song ve	ve	ve heard
curious	know	living	original	tavares
bought	happy	supernatural
angel	creation	know	reason
best	dance	dancing	disco	era	love
angel	beautiful	couples	dancing	disco	gorgeous	happy	heaven	imagination	instrumental	like	lot	love	missing	night	romantic	say	song	song beautiful	version
good	great	handsome	look	sound
age	classic	golden	golden age	listening	music	pleasure	real	real music
band	college	drum	excellent	heard	line	perform
18	days	die	honestly	kind	listen	listen song	lol	masterpiece	song
gold	like	matter	music	music like	timeless	timeless music
comment	eyes	future	leave	ll	tears	tears eyes
crying	eyes	lyrics	tears	tears eyes	voice
beautiful	earth	heaven	love	shine	sing
2019	better	better songs	born	songs	songs better	songs better songs	time	today	wish	wish born
listen	listen song	song
dream	good	heard	heard song	just	just heard	played	song	way
legends	makes
10	came	just	just came	know	know song	nice	played	song	times
better	better time	classic	gets	listen	old	perfect	songs	time
beautiful	beautiful voice	like	morning	natural	natural talent	pure	singers	singing	sounds	sounds like	talent	today	type	unlike	voice	wake
voice
better	better songs	born	father	heard	old	old songs	songs	songs better	songs better songs	year
beautiful	beautiful voice	quality	sound	voice
amazing	beautiful	born	music	time	wish	wish born	year
comments	hey	sort	texting	thank	way	youtube
clear	english	hear	karen	mother	music	nowadays	sings	understand	voice	word
heart	make	really
bit	little	makes	mean	really	sad	sad song	song	song makes
appreciate	english	happy	looking	lyric	really	song	spend	time	understand
bless	comment	day	family	god	god bless	read	wonderful
15	crying	damn	feel	feel like	girl	just	kinds	know	life	like	likes	old	song	song like	songs
60s	backing	beautiful	born	don	don know	enjoy	know	oh	old	old songs	songs	vocals	wish	wish born
running	voice
comes	feeling	hear	hear song	song	time
era	funny	generations	grandparents	listened	look	music	parents	sad	say	songs	think	today	true	youth
glad	head	learn	lol
close	close eyes	different	eyes	heart	like
love	loved	ones	world
daughter	good	likes	listen	make	sad	think	voice
art	artists	brilliant	given	people	piece	pleasure	time	vocal	world
beautiful	beautiful voice	clear	clear beautiful	die	karen	nice	nice song	song	unique	unique voice	voice	world	young
goes	life	song
cause	day	friends	heard	home	knowing	song	talking	thanks	today
biggest	effortless	far	favorite	favorite singer	karen	music	pure	recordings	singer	singer time	singing	time	use
born	clearly	creation	credit	given	iconic	learned	responsible	singing	style	watching
female	greatest	heard	voice
days	music	timeless	timeless music
darkness	life	short	world
70s	amazing	bad	best	best pop	pop	pop rock	pretty	rock	song	stupid	think	written
30	believe	best	best female	credit	deserved	emotion	feeling	female	got	guess	hits	imagine	know	music	musicians	passed	people	probably	really	richard	said	sang	songs	times	voice	years
day	listen	listen song	love	makes	really	really love	song	song makes	time	wonderful
artist	break	forever	kind	kind music	live	music	today
attention	beautiful	life	lost	needs	passed	question	singer	soon	today	tragedy	way
course	drum	god	oh	singing	track	work	world
appreciated	did	listen	listen song	movie	song
got	share	similar	songs
dare	don	just	listening	music	music just	tears	video	watching
friend	good	like	mean	old	really	really good	sounds	sounds like
better	car	door	drive	movie	movies	music	play	play music	sounds
crying	fell	little	play	play song	song	started
beautiful	beautiful voices	brings	brings tears	hear	lovely	lovely voice	sing	tears	voice	voices
2019	likes	mom	sings	song	song sings
amazing	amazing song	attention	bless	crap	draw	garbage	god	god bless	karen	like	live	song	song world	voice	world
emotion	feeling	voice
beautiful	just	just beautiful	seen
beautiful	beautiful voice	eyes	tears	tears eyes	touches	voice	way
evergreen	good	moving	musics	rip	song	world
album	beautiful	beautiful voice	bought	dad	don	early	far	lot	loved	loved song	mother	really	single	song	song beautiful	think	touch	vocals	voice
eyes	listening	listening song	running	song
future	good	hope	look	memories	thank
days	generation	grew	like	like song	ll	song	song like	songs	songs days	wasn
beautiful	did	love	love song	music	song	song beautiful	soul	wish
grandparents	kind	love	parents	songs
better	happened	hip	music	music today	rap	today	voice
cover	cover song	hope	song	song hope	thank
brother	did	hope	lived	problem	voice
1st	70	background	comma	comma comma	comma comma comma	half	just	melody	piano	says	sings	song	song says
don	music	people	taste
classic	forever	heart	people	song	song truly	truly
hear	know	totally	unique	voice
gave	great	lyrics	songs	wonderful
beautiful	clear	clear beautiful	melancholy	voice
change	hear	heard	just	just heard	key	recorded	ride
best	dear	friend	nice	wonderful
laugh	makes	song	thought
artist	beautifully	best	best female	fantastic	female	lyrics	match	song	written
absolutely	loss	singing
disturbing	era	good	heart	just	masterpiece	song	things	world
come	day	day work	day work don	don	don know	don know want	good	good day	good day work	know	know want	know want good	love	night	say	thing	thing good	thought	want	want good	work	work don	work don know
loss	music	tragic	unique	voices
beautiful	beautiful voice	drums	era	fantastic	heartfelt	lost	play	pretty	problem	sadly	say	soulful	voice
know	singing	song	song singing	think	think song
age	old	sorrow
came	completely	got	preserve	thank
100	business	carlos	comes	company	friend	goes	king	share
age	god	great	left	sad	singer	talented	young	young age
anymore	beautiful	beautiful voice	don	don make	like	like anymore	make	singers	timeless	truly	voice	wonder
clear	damn	effortless	ended	enjoy	good	good music	karen	left	listening	lot	love	love listening	music	rip	sad	sing	soon	voice	way	woman
able	brother	crafted	credit	gets	richard	shame	songs	soon	think	voice
amazing	amazing song	beautiful	beautiful sad	sad	song	song time	soul	time	touches
anymore	bad	childhood	good	good music	music	song	thing	thing good
beautiful	beautiful song	bought	carefully	daughter	got	listened	low	quality	real	singing	song	sound	words
close	feeling	happy	matter	song	tears
love	love song	sings	song	song sings	voice	voice love
beautiful	beautiful voice	died	everytime	eyes	hear	hear song	lose	man	song	start	voice
car	class	long	make	sing	thank
america	comment	nam	play	play song	play song radio	played	radio	sad	saw	song	song radio	video
better	got	help	just	just couldn	know	listen	sad	wished
30	listening	listening song	minutes	sad	song	straight
good	good singer	pretty	pretty good	race	singer
90s	child	house	incredible	just	like	sounds	sounds like	track	wow
come	girl	lol	think
2019	disco	don	hear	house	sounds	timeless
14	end	good	guess	hair	just	times	wow
black	fantastic	fantastic voice	girl	heard	race	singing	thought	voice	way
1980	90s	dead	disco	lived	sad	short	totally
especially	feel	feeling	love	low	making	track	tune
age	doing	dream	lot	nice	people	voice	wonder	young
age	business	dance	hair	heart	just	just couldn	know	million	oh	people	popular	presence	seen	stage	things	think	wasn	wish
voice	years
band	did	don	got	great	hits	knew	know	lived	long	maybe	people	popular	problem	really	say	stay	time	underrated	understand	years	yes
beautiful	beauty	black	blow	channel	day	didn	english	good	great	great song	laugh	nice	playing	real	song	song tire	songs	super	thing	tire	wish
beatles	clearly	harmonies	history	match	vocal
end	guys	heard	hey	kinds	laugh	looking	looks	song	song looks	things	think	yes
band	crazy	going	guys	laugh	playing	song	told
1966	anybody	beginning	beginning song	came	heard	hearing	hey	just	know	love	love songs	melody	memories	song	song came	songs	think	think song	ve	ve heard	wrote
attention	course	good	heard	really	really good	ve	ve heard
actually	come	future	good	pretty	pretty good	start	things	tried	wrong	wrote	years
band	commented	great	great band	heard	love	sad	tune
bad	band	camera	deserved	did	especially	face	instruments	lead	played	singer	video
14	agree	good	good music	grew	like	matter	music	person
brilliant	come	compare	future	guys	music	tomorrow
fans	like	making	mind	sure	tell	think	time
like	looks	right	straight
80s	anybody	beatles	elvis	getting	great	just	likes	listening	love	old	really	really love	saw	started	stop	thing	tunes	type
actually	away	listened	long	really	singing	time	time really
doc	doesn	dream	girl	heart	make	need	puts	race	seen	single	song	wish
died	dude	end	late	named	seen	singer	tomorrow	true
best	best songs	gives	honest	just	nowadays	old	old songs	songs
agree	crap	elvis	garbage	gonna	king	know	let	like	magnificent	music	music today	new	people	person	right	sounds	sounds like	think	today	wait
dance	dream	listen	listen song	song	wanna
best	did	did know	did know song	know	know song	single	song
born	comment	generation	kids	like	listen	listening	music	old	ones	thing	think	wrong	youtube
artists	century	come	guys	listening	special	sure	want	wow
better	carefully	god	kind	kind music	listen	music	music way	story	tells	thank	thank god	way
best	brought	glad	guy	hearts	king	lived	music
mother	original	original version	say	song	think	version	version song
17	50s	60s	age	come	compared	currently	group	isn	listen	love	modern	modern music	music	past	people	pretty	taste
2019	80s	just	music	similar	sure	year
beautiful	creation	evergreen	love	love song	music	romantic	song	sweet	thank	wonderful
don	good	just	just don	lyrics	matter	song	times	tired
anymore	came	crazy	don	everytime	got	heart	look	love	night	person	running	seen	star	stop	ve	ve seen	yes
change	change love	feeling	gonna	gonna change	got	love	months	read	remember
15	boyfriend	day	husband	loved	old	send	song	valentine	years	years old
aren	heart	just	life	love	love life	songs	today	true	written	wrong
gave	know	love	person	really	romantic	songs	time	want	wrong
anymore	appreciated	change	don	era	especially	going	great	great song	just	love	song	thought	track	true
california	cool	good	lady	late	romantic	summer	think	white
lady	love	say	says	song	song says	true
fantastic	little	new	song	version
days	gone	music	music today	people	real	real music	sing	today
light	makes	taylor	video	wonder	wrong	years
away	best	breath	breath away	certain	gave	just	man	mind	takes	takes breath	takes breath away	thinking
getting	like	looked	lot	ve
got	know	look	man	times
1980	certainly	soft	sure
80s	especially	just	love	love song	perfect	song
believe	best	love	matter	missing	real	world	year
called	evergreen	got	just	life	moment	people	song	thing
bad	believe	change	crying	feel	god	going	love	makes	think
best	everytime	favorite	forever	hear	heart	love	love song	question	radio	song	song song	touch	wow
beautiful	beautiful music	born	era	feel	kids	like	make	make feel	music	nowadays	play	really	really like	songs
bad	change	gonna	gonna change	know	ll	lol	sings	teacher	wonder
boy	dude	feel	feel like	huge	like	movie	natural	romantic	screen	soft	star	ve
18	ago	change	change love	feeling	gonna	gonna change	love	love song	lovely	loving	says	song	song truly	truly	wife	years
add	ago	couple	couple weeks	couple weeks ago	didn	honest	idea	innocence	sung	weeks	years
better	called	emotion	feelings	glen	good	great	great song	hit	hit wonder	pretty	pretty good	sang	sang song	song	tune	wonder
attention	create	heart	listening	listening song	live	love	song
lol	music	probably	screen	seen	ve	ve seen	video
cute	guess	guy	handsome	like	looked	looks	middle	naturally	preserve	sad	ve	wish	young
anymore	day	like	like anymore	music	music like	wrong
80	born	came	love	love music	love song	music	really	really love	song	song came	song love	wasn
believe	face	feel	feel like	god	hard	heart	just	like	lost	love	send	song	song just	stars	stop	sweet	thank	thank god	think	thinking	thought	time	time ve	ve	wait	walker	wanna	way	world
good	guys	listen	ll	make	music	stop
day	kind	kind music	listening	love	love listening	make	music	real
best	college	cool	curious	era	great	great ones	mr	ones	pop	pop songs	pretty	romantic	school	songs
better	gonna	modern	modern music	music	songs	think
actually	days	great	great music	looks	music
everytime	funny	great	hope	makes	sad	song	song makes	time
innocent	kind	love	love song	song	song video	video
beat	classic	excellent	just	just love	love	love love	romantic	song	song just	time
easy	exactly	great	great song	hear	innocent	just	right	says	song	song just	woman
beautiful	country	currently	going	husband	just	meaningful	real	sent	song	tears	time	words
like	live	love	quite	record	singing	sounds
ain	ain gonna	ain gonna shine	anymore	best	gonna	gonna shine	gonna shine anymore	loved	peace	performance	rest	rest peace	says	scott	shine	shine anymore	sun	sun ain	sun ain gonna	talent	thank
background	background music	definitely	live	music	performed	sure	vocals
awesome	voice	want
beginning	cause	come	come true	dead	door	dream	dream come	dream come true	idea	light	love	loving	make	mean	really	rest	says	second	seeing	special	sure	true	wait	way
good	group	hear	live	nice	sounds	studio	version
better	better original	brothers	did	did better	frankie	frankie valli	hear	mind	original	original version	song	think	think song	thinks	valli	version	walker	walker brothers	yes
better	did	did better	thinks	version
came	hear	heard	love	love love	love song	loved	need	song	song heard	supernatural	thought
anymore	gets	gonna	looking	lose	man	son	way	wife
come	easily	hair	interesting	means	scott	todays	vintage
60	brothers	case	comes	didn	jim	live	mary	original	realize	recording	singing	thanks
50	50 60	60	70	artists	band	didn	easy	making	need	sound	studio	used
bass	cool	did	easy	excellent	going	great	great song	great stuff	like	line	lose	lyric	miss	piano	place	really	song	start	stuff
guys	nice	nice song	nice song nice	real	song	song nice	sound	theme	voices
1966	ain	ain gonna	ain gonna shine	anymore	aren	beatles	brothers	country	did	especially	fan	gonna	gonna shine	gonna shine anymore	high	hit	lead	new	number	people	popularity	said	scott	shine	shine anymore	successful	sun	sun ain	sun ain gonna	uk	vocalist	walker	walker brothers
1966	2019	brothers	december	does	frankie	frankie valli	just	just love	justice	love	originally	recorded	single	song	successful	valli	walker	walker brothers
11	day	end	great	great song	listening	powerful	song	time	timeless
idea	song	song time	theme	time
away	father	got	just	listening	morning	passed	passed away	shine	sun	sure	thinking	track
50	80	agree	ain	ain gonna	ain gonna shine	anymore	best	company	favorite	funny	garbage	gonna	gonna shine	gonna shine anymore	good	mr	music	shine	shine anymore	songs	stand	stands	sun	sun ain	sun ain gonna	today	today music	walker
america	band	brothers	did	history	righteous	righteous brothers	walker	walker brothers
brothers	great	masterpiece	outstanding	probably	reason	righteous	righteous brothers	song	sound	sung	unforgettable	walker	walker brothers	wow
2019	listening	loving	second	singing
gonna	gonna shine	great	great ones	head	ones	shine	sun
60	ago	couple	couple weeks	couple weeks ago	day	day thanks	era	fantastic	great	great voices	instruments	listen	lyrics	missed	music	posting	song	song great	thanks	thanks posting	video	voices	weeks
10	favorite	just	knowing	love	song	songs
like	like today	listen	male	music	sad	sounds	sounds like	today	vocalist	voice	way
definitely	like	like today	loved	loved song	song	think	tire	today	years
bad	create	didn	enjoy	forever	greatest	history	like	musical	voices
break	crazy	easy	meaning	real	song	songs	voice
beautiful	beautiful music	day	dead	forever	generation	god	listen	music	musicians	shared	wake
60	beautifully	classic	crafted	era	given	great	moving	music	recording	songs	sound	way
artists	generation	like	like nowadays	new	new generation	nowadays	sing	song	song like	sucks	today	touching	touching song
better	better time	got	just	listened	million	perfect	song	time	times
60s	amazing	away	drummer	fantastic	headphones	hearing	magnificent	mind	record	thank	try	uk
best	day	died	download	era	music	sound	sun
company	create	orchestra	record	version	vocals	wish
camera	clip	day	day great	great	great performance	great song	great song great	performance	singers	song	song great	work
brilliant	good	look	mind	really	seen	sound	way	wish
beautiful	feeling	great	hear	innocence	kinds	life	little	love	love hear	original	pure	song	song great	songs	vocals
better	compare	doesn	favorite	hear	ll	love	love songs	music	past	perfect	songs	super	time	time favorite	today	today music	voice	way
60s	brilliant	given	great	great pop	melancholy	pop	scott
going	pretty	ricky	thank
bass	does	home	like	tell
80	bass	classics	early	era	honestly	music	say	south
agree	ask	family	fits	generation	greatest	hey	let	listen	play	song	song time	tell	thank	time	time song	type
beat	know	know want	like	lost	music	na	na na	need	voice	want
called	love	men	soft	told	try	women
ago	bit	come	great	little	lot	months	weeks
age	classic	comments	don	exactly	just	life	like	love	love life	love say	love song	means	say	song	tomorrow
age	dudes	great	great songs	imagine	leo	listen	man	natural	natural talent	passed	pop	radio	songs	talent	today	written	young	young age
amazing	era	just	music	music just	real	really	special
end	happens	just	paint	pretty
amazing	came	came listening	cute	grandma	guy	listening	singer	sweet	yes
dog	lady	people	powerful	seeing	singing	sweet	unbelievable	video
came	came listening	dog	intelligent	listening	love	love say	loving	say	singing
different	prefer	seen	song	time	time ve	ve	ve seen	video
able	beautiful	beauty	great	heart	love	message	song	today	tomorrow	word
goes	hard	like	months	remember	similar	song	song ve	thanks	ve	way
boyfriend	future	love	love say	say	sing	sing song	song	tell
hear	love	love hear	man	sing	sing song	song	special	way	young
came	did	girl	happened	new	real	wonder
dance	days	feels	guy	just	just guy	look	lot	music	music way	today	way
clear	drive	good	late	night	tune
california	car	golden	imagine	listening	listening song	moment	song
dear	film	like	like song	really	really like	short	sir	song	use	want
forget	gives	leo	life	singer	singing	song	song singing
beautiful	beautiful voice	good	looking	love	love music	music	talented	voice
80s	classics	early	era	huge	pop	pop songs	radio	songs
70	80	art	care	day	generation	good	good day	musics	true	wish
bit	breath	came	like	sounds
guy	just	just guy	make	mean
goes	know	love
dance	dancing	friends	mind
elvis	guy	just	original	singer	song	song just	thought
certainly	dancing	does	feel	feel like	leo	like	love	make	make feel	video
crazy	fell	just	like	singing	song	sorrow	tears
background	hot	reason	video
40	brought	daddy	film	home	instrumental	just	song	sweet	thought	vintage	years
80	adult	away	couple	golden	later	melody	message	oldies	orchestration	outstanding	songs
course	day	nice	nice version	song	version
beautiful	beautiful song	dislike song	don	hits	home	right	song	song beautiful	understand
beautiful	better	excellent	far	lyrics	modern	modern music	music	real	singers	singing	versions	voice
class	family	fan	future	good	life	light	love	music	musical	nice	real	rock	sing	soft	thank	time	young
age	big	come	currently	dudes	girl	guy	hair	international	mean	pretty	range	sing	want
doing	like	making	pictures
absolutely	favorites	hearing	love	love song	song	song tire	time	time favorites	tire
heart	isn	like	really	songs
1980	brother	favorites	gonna	good	good song	let	like	look	love	really	really love	song	sort	tell	use
care	funny	guy	kids	leo	nice	people	really	singing	started	thinks
don	don know	going	got	know	richard	seeing	thing	video
beautiful	beautiful song	beautiful song love	feel	love	really	sad	song	song love	tell
age	comes	dear	friend	glad	like	like song	music	song	think	time
