angel	beautiful	beautiful voice	forgotten	kid	kid love	listened	love	singing	voice
17	age	early	forgot	gentle	graduated	great	grew	grow	just	leave	like	little	love	loving	mr	people	reeves	songs	sounds	sweet	think	town	voice
everyday	listening	mum	played	reminds	reminds mum	songs
appreciate	child	death	got	heard	heard song	jim	jim reeves	reeves	reminded	rip	song	song child	time	time heard	time heard song	touches	used	voice
70	dad	dad loved	didn	jim	jim reeves	listening	listening jim	listening jim reeves	loved	loved listening	reeves	teenager	things	time
childhood	comes	feeling	jim	jim reeves	listened	love	music	nostalgic	reeves	tunes
18	18 years	1966	47	67	able	came	driver	girlfriend	hear	high	high school	june	just	later	later married	like	loved	make	married	marry	months	old	school	senior	song	song came	took	wedding	year	years	years later	years old
concert	death	jim	june	weeks	years
47	god	grew	heart	jim	jim reeves	lord	reeves	songs	sure	words
grew	grew listening	jim	jim reeves	lane	listening	listening jim	listening jim reeves	memory	memory lane	reeves
1970	dance	grandfather	grandparents	hear	hearing	jukebox	love	makes	time	time hear	used	wonderful
childhood	childhood parents	jim	parents	parents played	played	player	record	record player	tune	tunes
album	away	childhood	happy	happy memories	jim	jim reeves	listening	memories	old	reeves
60	early	early 60	england	fantastic	great	great singer	jim	jim reeves	john	listened	lot	memories	reeves	singer	takes	voice	wonderful	wonderful voice
1966	coming	heart	remember	young	young remember
brings	brings memories	father	favorite	great	great voice	jim	jim reeves	kid	kid father	listening	listening jim	listening jim reeves	memories	memories listening	played	player	record	record player	reeves	voice
1966	born	great	great song	loved	missed	singer	song	years
hear	memories
days	good	good old	good old days	old	old days	remembering
brings	brings lot	children	listening	listening music	lot	loved	loved listening	loved listening music	music	parents	played
bring	childhood	fond	jim	listening	listening jim	memories	memories childhood	miss	mom	oldies	remember	remember mom
dad	miss	reminds	reminds dad
away	beautiful	dad	dad used	dad used play	dance	goosebumps	little	mom	passed	passed away	play	reminds	time	time little	used	used play
beautiful	child	grandparents	great	great songs	house	jim	listening	piece	played	remember	small	songs	sound	today	voice
away	boy	dad	dad god	everytime	favorite	god	hear	hear song	late	miss	miss dad	mom	played	played radio	radio	remember	song	song miss	time	time hear	time hear song	way	young	young boy
brings	country	death	favorite	forever	great	great memories	jim	jim reeves	live	memories	memories song	music	plane	reeves	singers	song	song brings	world
army	came	childhood	home	jim	jim reeves	left	make	miss	mum	piece	play	played	player	record	record player	reeves	reminds	reminds childhood	sure	till	told
amazing	country	love	loved	mum	remind	song	song remind	thinking
ago	boy	brings	brings memories	dad	house	jim	jim reeves	live	long	memories	party	reeves	sing	song	time
captured	childhood	died	favourite	happy	happy memories	jim	memories	memories thank	mum	sadly	thank
10	10 years	10 years old	away	came	died	disc	just	mr	old	old disc	passed	passed away	plane	reeves	remember	said	song	song came	years	years old
30	30 years	47	australia	away	beautiful	blue	child	dad	dad sing	heard	hearing	husband	just	sing	sing child	song	started	sung	words	years
asked	beautiful	father	going	gone	law	loved	loved song	loving	mary	miss	miss beautiful	mother	people	song	world
days	jim	love	loved	loved love	mary	remember	young	young remember
great	great voice	kid	listening	listening music	loved	loved listening	loved listening music	music	soon	taken	voice
ago	awesome	bless	distant	drums	god	god bless	jim	listened	love	love songs	singer	songs	teens	years	years ago
reminds	rock	song	song reminds
brings	brings great	brings great memories	great	great memories	little	memories	mom	played	time	time little
away	brings	brings good	brings good memories	favorite	good	good memories	grandmother	hearing	listened	makes	memories	music	music brings	passed	passed away	quite	singer	thinking	want
happy	happy times	parents	reminds	times
60s	70s	big	bring	bring memories	dad	early	early 70s	hank	jim	jim reeves	jimmy	late	memories	morning	nearly	reeves	sunday	wish
jim	jim reeves	liked	listening	listening jim	listening jim reeves	reeves	reminds
beautifully	era	great	kind	kind music	know	knowing	live	love	lucky	makes	music	real	record	remember	remember record	sad	smile	written
beautiful	childhood	loved	takes	takes childhood	track
awesome	good	good memories	lane	live	long	memories	memories song	memory	memory lane	music	song	thank	time	trip	trip memory	trip memory lane	wonderful
classic	days	miss	miss days	sure	throw
beautiful	beautiful memories	beautiful memories love	brings	brings beautiful	brings beautiful memories	god	love	memories	memories love	months	passed	rip	sing	use	use sing	yrs
brilliant	brilliant song	remind	school	song	song remind	year
fell	just	just fell	love	loved	loved love	memories	oh	sweet	sweet memories	tune	youth
70	classic	classic song	gold	great	great memories	listening	memories	memories thanks	posting	remember	remember listening	song	thanks	thanks posting
beautiful	beautiful song	beautiful song time	day	day heard	great	great song	heard	remember	remember day	song	song remember	song time	thought	time
best	best memories	brings	lady	memories	north	special	watching
broke	broke heart	growing	guy	heart	ladies	reconnected	remember	song	turned	years	young
beatles	broke	came	did	elvis	eyes	good	just	like	listening	loved	people	play	radio	song	song came	wife	young	youtube
elvis	everytime	grandma	head	listen	listen song	loved	memories	music	played	played song	really	song	song memories
life	love	love song	reminds	song	song reminds
great	hear	hear song	life	live	love	lyrics	music	reminds	song	song reminds
10	10 years	beautiful	broke	broke heart	heart	later	loving	reminds	song	song reminds	woman	wonderful	years	years later
amazing	dad	deep	glad	life	love	love song	loved	mary	miss	mum	mum dad	remember	remember mum	sat	singing	song	song amazing	song remember	sung	thank	voice
days	great	great song	happy	happy memories	memories	reminded	song	usa
everytime	golden	growing	hear	heard	makes	nostalgic
11	aunt	came	came tv	died	elvis	family	kitchen	old	remember	tv	watching	years	years old
child	miss	mum	reminds	rip	sing	sing child	song	song used	sweet	used	used sing
brings	brings tears	eyes	memories	songs	songs brings	tears	tears eyes
45	67	alive	bought	bought 45	came	favorite	favorite song	memories	mom	record	song	song came	sound
19	brings	brings good	brings good memories	came	good	good memories	memories	memories time	song	song came	time
black	fantastic	group	heard	probably	radio	soul	teens	thought	time
60	60 70	70	fantastic	good	good times	rock	times	years
14	17	fantastic	heard	radio	stereo	year
brings	brings memories	memories	sure	thats
great	great song	song	time	time great	way
died	laura	love	love miss	miss	miss love	wife
16	clearly	dancing	dancing song	remember	song
dad	dad sing	everyday	hearts	laura	mum	sing	song
80s	early	heard	kid	mum	remember	song	tape	thing	thinking
great	great times	played	times	used	way
11	away	cd	grandad	learned	lost	love	miss	miss love	passed	passed away	sadly	words
laura	memories	thank	turn
beautiful	beautiful video	lovely	remember	thank	video
bring	changed	daughter	eyes	growing	hear	im	know	late	later	life	mum	play	radio	remember	sing	tears	tears eyes	teens	thats	toddler	tunes	used	used play	used sing
dad	favourite	lost	reminds	reminds dad	singers	song	song reminds	year
absolutely	absolutely love	artist	come	favorite	great	great memories	jim	jim reeves	love	love music	memories	memories come	music	reeves	thank
beautiful	dear	distant	drums	jim	jim reeves	memory	music	reeves	unforgettable	voice
lol	radio	sad	school	sing	think	used	used sing
1960	big	charts	hit	teenager	weeks
brings	brings good	brings good memories	good	good memories	lol	memories
14	20	20 years	90s	best	called	early	friends	girl	got	kids	later	later married	laura	living	long	long time	love	married	met	old	time	true	went	year	year old	years	years later	young
laura	lived	remember	wonder
beautiful	beautiful song	beautiful voice	child	dad	love	love song	oh	reminds	sing	sing child	song	use	use sing	voice
forget	gonna	jim	love	memories	memories memories	music	sad
grandad	grandparents	hearing	jim	jim reeves	loved	music	music remember	nan	reeves	remember	remember hearing	reminds	rip	singing	songs	young
different	experienced	head	lot	things	wish	younger
bring	bring memories	love	love songs	memories	songs	yesterday
everyday	just	life	life sweet	need	old	sang	school	sing	sweet
ago	couldn	favorites	grandad	hit	home	just	kept	lost	makes	mary	named	nan	perfect	played	quite	really	song	soon	started	thinking	year
ago	danced	dancing	got	husband	jim	jim reeves	like	listen	listen song	live	love	love song	pain	passed	passed years	reeves	reminds	sing	song	song reminds	world	years	years ago
age	alive	brought	father	feelings	kid	listening	living	lot	man	mum	old	parents	parents played	played	teen	younger
73	alive	good	lord	time
20	20 years	21	ago	damn	house	knows	like	live	mother	old	reconnected	remember	store	think	tv	watched	year	years	years ago
73	elvis	late	let	mother	old	stay	true	watch	years	years old
believe	day	hard	passed	passed years	years
bedroom	days	deep	elvis	forget	good	remember	singers	voice	wonderful	younger
bought	changed	listening	oh	remember	remember listening	times
brings	brings happy	brings happy memories	happy	happy memories	heard	memories
2018	60	band	called	days	fun	golden	good	good old	good old days	got	great	heard	june	just	just heard	knows	list	lost	music	old	old days	play	played	radio	released	rock	singing	takes	video	years
great	great time	time
big	called	called teen	dances	did	going	great	great times	group	hear	home	just	just hear	life	played	remember	remember used	school	sing	teen	teenage	think	times	tv	used	used sing	went
ago	brings	brings lovely	brings lovely memories	dad	died	good	greatest	listening	ll	lovely	lovely memories	memories	mum	mum dad	rip	today	voice	years	years ago
angel	blue	favorite	happy	happy times	orbison	play	roy	stereo	times	used	used play
16	aunt	brings	brings memories	dum	favorite	favorite song	little	lonely	lot	memories	orbison	play	roy	singing	song	song used	used	used play
concert	got	mom	old	took
awesome	brother	brother died	died	greatest	hear	memory	music	roy	thats	think
bless	dad	dad god	god	god bless	reminds	reminds dad
50	50 60	60	best	best songs	days	live	memories	songs	times
beautiful	nostalgia
fantastic	grandparents	listening	memories
girl	listened	listened song	little	little girl	lot	loved	song	thanks
album	boyfriend	voice
ago	asked	couldn	did	different	learned	like	person	probably	remember	roy	said	sang	told	young
1988	able	away	came	came uk	father	growing	hear	heard	lucky	mum	music	november	passed	passed away	play	play music	roy	said	sang	thank	time	times	uk	weeks	went
able	fantastic	great	great songs	hear	like	live	lot	past	singers	songs	thanks	took	video	years	youtube
able	artist	charts	country	happened	love	love music	music	old	pop	pure	record	remember	remember record	song	sung	unforgettable
ago	country	country music	love	music	oldies	takes	years	years ago
days	grannys	love	music	old	party	reminds
40	50	50 60	60	great	great song	kid	loved	loved song	song	thought
country	country music	day	don	favorite	favorite songs	gave	girl	happy	heart	home	house	just	little	little girl	love	music	playing	remember	remember playing	said	songs	time
country	girl	hearing	little	little girl	remember	remember hearing	song	song remember
days	end	good	good old	good old days	old	old days	thought	yes
country	doing	favorite	favorite song	great	help	kid	love	sing	song	song love	sweet
ago	holiday	lovely	parents	reminds	times	years	years ago
brings	lots	memories	song	song brings	today	words
child	remember	remember song	remember song child	song	song child	thank
grew	like	loved	loved songs	party	rock	songs	songs like	teenager	town
1950s	growing	listening	music	remember
60	60 70	70	late	late 60	live	look	singing	started
remembering	young
great	jukebox	just	just great	radio	remember	thank	time	wow
love	love song	remember	song	song remember	young
brings	brings memories	brings memories great	great	great song	memories	memories great	song
away	days	oh	yes	young
good	good memories	memories	memories song	sing	song	used	used sing
asked	bar	bought	day	disc	hank	heard	middle	remember	song	store	thanks	time	unknown
ago	brought	country	country music	kind	kind music	long	long time	long time ago	music	time	time ago
beautiful	beautiful memories	great	hank	loved	memories	thank
daddy	love	love song	old	rocking	sing	sing song	sleep	song	use	use sing	use sing song
days	getting	hear	heard	just	songs	thank	time	unbelievable	younger	younger days
country	country music	kid	kid love	love	music	old	remember
takes	years
dad	mom	mom dad	omg	omg reminds	reminds
days	eyes	gives	gold	grew	love	old	old song	song	tears	tears eyes
57	child	country	country music	music	really	remind	weeks	years	yes
brings	brings memories	come	eyes	know	know love	love	love song	love song brings	makes	memories	memories makes	song	song brings	song brings memories
child	country	country music	grandparents	like	love	love song	music	music like	parents	parents played	played	reason	rock	singing	song	time	wish
artists	black	great	miss	night	saturday	sharing	sure	thank	tv
dad	dad used	dad used play	lovely	lovely song	music	play	records	remember	remember dad	singer	song	songs	unbelievable	used	used play	voice
beautiful	child	dad	dad sing	dancing	feel	miss	miss dad	place	sing
brings	brings memories	dad	dancing	dancing song	don	great	like	memories	mom	mom dad	music	music like	play	play music	remember	remember mom	sad	song	today
55	dancing	love	love song	mother	parents	passed	posting	remember	song	song thank	thank	thank posting	watching	wedding
childhood	childhood days	days	reminiscing
10	10 years	70	ago	august	away	great	great memories	learned	memories	memory	mom	passed	passed away	roller	song	thank	years	years ago
childhood	lovely	lovely memories	memories	memories childhood
dad	days	everyday	family	good	good days	love	love song	memories	memories good	music	song	song memories	teen
62	ago	dad	married	miss	mum	mum dad	passed	passed years	reminds	reminds mum	years	years ago
dad	dad loved	day	family	friends	great	great times	loved	loved songs	mum	mum dad	reminds	songs	times
dance	reminds	school
ago	beautiful	beautiful song	club	engelbert	listening	listening song	night	remind	song	waltz
brings	brings good	childhood	good	grandma	grandpa	kind	love	makes	memories	memories childhood	miss	songs	songs brings	songs brings good
dad	dad loved	happy	happy memories	loved	memories	mum	mum dad	music	playing	records
bad	beautiful	beautiful song	brings	brings lot	brings lot memories	good	lot	love	memories	memories good	song	song brings
childhood	dance	end	forever	great	lingers	listen	mind	nice	song	waltz
grandparents	listen	lyrics	old	play	play song	reminds	song	song used	understand	used	used listen	used play	used play song	years	years old
dancing	grandparents	hope	memories	sweet	sweet memories
got	liked	person	play	played	remember	remember song	song	song played	wedding	went
70	dance	dance floor	end	floor	late	man	mid	old	older	reminds	song	song reminds	uncles	wedding
bring	bring childhood	childhood	childhood memories	engelbert	love	love love	memories	memories thank	songs	thank
beautiful	beautiful memories	dance	memories	played	school	song	song beautiful	song played	student	teacher	waltz
best	best thing	dad	dance	danced	daughter	gone	hand	happened	heart	high	high school	hold	junior	love	memories	miss	miss love	night	papa	played	remember	remember dad	saying	school	senior	song	song played	thing
70	boyfriend	good	good memories	memories	song
days	girl	happiest	happy	happy days	innocence	life	little	little girl	loved	mum	playing	remind	song	song remind	trip	used	went
60	beautiful	beautiful song	great	great memories	late	late 60	memories	song	song great	song great memories
ex	girlfriend	reminds	song	song reminds
days	good	good days	love	love song	old	remembering	song
bedroom	kitchen	life	life sweet	mother	playing	radio	sun	sweet	takes
day	friend	old	remember	remember day
1970	british	club	days	happy	happy days	loved	people	reminds	reminds happy	song	song reminds
beautiful	beautiful memories	beautiful song	danced	forever	memories	memories forever	parents	song	wedding
danced	good	good memories	memories	record
ago	dad	dad used	dad used play	died	hear	miss	miss dad	play	play song	reminds	song	used	used play	used play song	years	years ago
beautiful	nostalgic	nostalgic song	song
beautiful	beautiful song	brings	daughter	died	happy	happy memories	memories	miss	song	song brings	wonderful	wonderful song
brings	brings young	marvelous	memories	song	song memories	young
amazing	era	fell	fell love	grow	just	just amazing	just fell	listening	love	lucky	memory	music	thanks	wonderful
anymore	blast	blast past	don	house	just	just don	just don make	like	like anymore	little	make	past	playing	remember	remember playing	song
15	15 years	20	20 years	favorite	old	years	years old
11	15	dancing	dancing song	june	living	mom	remembering	room	song
2019	dad	dad sing	remembered	sing	sing song	song
child	elvis	grandma	grew	house	love	mother	music	time
ago	dad	girlfriend	guy	kid	left	long	long time	long time ago	sad	song	time	time ago
funny	girl	kid	old	remember	remember singing	singing	singing song	song	thought	thought funny	young	yrs
everytime	love	reminds	voice
mother	played	remember	song	song played	song remember	sunday	wonderful	wonderful song
1977	kid	like	like song	really	song
daddy	favorite	hear	hear song	miss	music	remember	song	song remember
engelbert	glad	grew	high	high school	loved	loved song	music	real	real music	released	school	song
coming	daddy	father	home	omg	omg reminds	philippines	reminds	song	year
20	child	grandfather	grandpa	heard	heard song	heaven	reminds	song	song reminds
feel	great	listened	love	make	missed	people	place	tried	wish
2019	gone	july	memories	uncles
cause	father	granddaughter	happy	heart	know	law	miss	music	music remember	papa	remember	right	thanks	time
memories	memories song	song
album	childhood	engelbert	list	play
brings	brings memories	days	eyes	forever	help	just	lost	memories	memories memories	play	relive	songs	yesterday
2018	childhood	like	like song	miss	song
beautiful	beautiful song	memories	song	written
better	day	did	fantastic	heart	make	person	place	radio	relive	song	sounds	special	time	way
bring	bring memories	lonely	memories	sweet	voice
love	memories	song	song memories
amazing	blast	blast past	come	deep	growing	haven	heard	like	memories	mid	mind	past	real	song	song takes	suddenly	takes	time	wow	wow song	years
amazing	child	damn	feel	feel like	felt	gave	good	good memories	happy	like	makes	makes feel	memories	parents	remember	sharing	song	song makes	thanks	thanks sharing	world	wow	young	young remember
childhood	right	thats
age	fantastic	lane	memory	memory lane	omg	trip	trip memory	trip memory lane
childhood	childhood memories	happy	lovely	memories	posting	song	thanks	thanks posting
70	band	favorite	great	right	takes	takes right	think	track	tune
ago	brothers	childhood	good	good memories	long	long time	long time ago	memories	remember	remember childhood	sisters	thanks	thanks uploading	time	time ago	uploading
classic	classic song	days	don	just	just don	just don make	like	make	pilot	song	songs	songs like	takes	thanks	younger	younger days
gone	great	happier	look	miss	moments	times
bringing	day	feel	feel nostalgic	kids	knew	music	nostalgic	real	real music	thank	time	today	youtube
days	evokes	just	life	life just	memories	old	time	wonderful	wonderful memories	years	years old
50s	mid	suddenly	teenager
away	called	disco	doing	drive	driver	great	great memories	help	john	ladies	lot	lovely	lovely memories	memories	mobile	old	parties	song	song great	song great memories	stay	truck	turn	used	years	years old	young
memories	record	thanks
70s	child	makes	middle	pilot	simpler	songs	time
days	wish	wish days
brought	brought memories	glad	memories	thanks
birthday	brings	brings memories	brings memories remember	memories	record	remember	sister
ago	did	love	remember	song	thanks	thanks uploading	uploading	uploading song	years	years ago	young
beautiful	beautiful memories	brings	brings beautiful	brings beautiful memories	childhood	memories	pilot	songs	songs brings	thanks
childhood	love	reminds	reminds childhood	tune
aunt	great	hear	hear song	remind	song	song remind
amazing	beautiful	beautiful memories	memories	song	song time	time
12	days	different	don	don know	early	eye	girl	know	later	look	loved	months	play	reminds	rock	romantic	think	woman	young
14	14 years	14 years old	21	30	30 years	30 years ago	ago	dad	let	love	love song	man	married	marry	mary	mother	old	old dad	passed	song	years	years ago	years old
62	dad	dad god	god	house	just	just wish	karaoke	like	mid	mum	new	parties	remember	remember song	rest	sang	song	soul	used	wish	years
australia	belfast	child	died	just	left	missed	mother	romantic	ruby	sadly	sadly missed	sing	sing child	soon	time	used	used sing	world
ago	bless	brother	innocent	life	life simpler	older	older brother	ruby	simpler	years	years ago
20	favorite	heard	listen	played	room	said	stay	sunday	used	version
ago	dad	days	fast	great	moments	mum	mum dad	old	putting	radio	remember	remember mum	time	voice
13	died	favorite	favorite song	mums	song
brings	brings great	brings great memories	great	great memories	memories	old	sure	wow	years	years old
like	listen	loved	mom	sing	sounded	young
basco	brother	going	grade	graduated	happy	knew	like	like song	nickname	older	older brother	sang	song	teenage	years	young
beautiful	beautiful voice	brewer	don	growing	hearing	house	just	just like	like	mom	really	remember	remember hearing	sing	sing song	song	sounded	teresa	use	use sing	use sing song	voice
father	love	page	reminds
bought	days	good	good old	good old days	im	old	old days	record	remember
like	playing	songs	songs like	youth
big	brewer	father	great	great voice	lady	loved	named	sharing	songs	teresa	thanks	thanks sharing	voice
amazing	billy	great	hear	heaven	place	playing	singer	thank	voice	wish	wonderful	wonderful voice	world	youtube
billy	billy eckstine	feel	feel nostalgic	hearing	memories	nostalgic	sing	sing song	song	song memories	voice	warm
billy	billy eckstine	concert	love	met	uk	went	wife	years
memories	posting	thank	thank posting
takes	teen	teen years	years
1950s	alive	beach	best	billy	boy	early	golden	great	live	long	parents	room	sounded	sounds	took	voice	young	young boy
50s	bye	club	days	good	good old	good old days	mr	old	old days	use
50s	family	lovely	lovely song	nostalgic	sing	singer	song	songs	takes	used	used sing
boone	came	came radio	clearly	ed	hear	radio	remember	voice
ames	boone	born	dad	didn	ed	ed ames	later	playing	quite	remember	remember song	sing	song
born	dance	daughter	don	don know	hold	house	know	memory	months	precious	sing	song	sweet	used	wonderful	wonderful song
ames	ed	ed ames	lost	remember
grandparents	head	loved	loved song	passed	play	song
beautiful	beautiful voices	born	child	grandfather	lyrics	sang
actually	baby	dad	dad used	daughter	heard	heard song	just	sharing	sing	song	song thank	thank	time	used	used sing	ve	video
55	born	literally	memory	songs
beautiful	beautiful song	brain	comes	days	granddaughter	later	little	old	song	ve	wonderful	years	years later	yes
baby	beloved	brings	daddy	father	heaven	high	listen	listen song	remember	song	times	used	used listen	used listen song	years
beautiful	happier	times
50	50 60	60	did	great	great time	play	song	time	today
did	lyrics	singers	sweet	today	voice	wish
beautiful	born	hear	lullaby	mum	sang	sang song	song	wonderful
dad	day	just	miss	mum	mum dad	reminds	reminds mum
17	17 years	17 years old	army	bitter	home	just	left	memory	morning	old	playing	radio	really	record	sweet	time	turned	years	years old
away	boy	came	children	going	haven	heard	jimmy	kid	later	later married	married	named	older	older sister	passed	passed away	raised	sang	sang song	say	sharing	sister	song	started	steady	thanks	thanks sharing
age	brother	brother died	crying	died	hearts	jimmy	want
billy	boy	brother	felt	got	happier	heard	jimmy	little	long	lullaby	mother	nickname	sad	sang	sharing	song	thanks	thanks sharing
beautiful	brought	brought tears	brought tears eyes	danced	eyes	girls	god	listening	listening song	miss	song	song listening	song listening song	song years	tears	tears eyes	thanks	thinking	tune	uploading	uploading song	years
ago	bless	going	hand	heard	look	mum	old	putting	strong	year	years	years ago	years old
child	funny	played	sister	thought	thought funny
girl	just	little	little girl	older	older sister	play	play song	sister	song	song little	used	used play	used play song
friend	good	july	left	miss	wish	years
10	10 years	died	gone	jimmy	life	miss	try	wish	years
13	lovely	lovely song	posting	song	thank	thank posting
days	lovely	reminds	usa
beautiful	beautiful voice	miss	miss beautiful	remember	tv	voice	watch
1950s	good	good memories	lovely	memories	remembered	singer
50s	good	good times	great	great singer	great song	listening	nostalgia	singer	song	times
favorite	good	great	great singer	guy	like	lovely	make	missed	music	period	rip	sadly	sadly missed	singer	today	voice	words
germany	happy	happy memories	memories
absolutely	beautiful	feel	forgotten	hear	lovely	lovely song	makes	makes feel	past	song	voice
brilliant	brings	memories
beautiful	beautiful song	beautiful song reminds	crazy	great	like	mother	play	play song	reminds	song	song like	song reminds	thanks	used	used play	used play song
55	army	germany	great	hit	night	played	radio	uk
brings	brings happy	brings happy memories	happy	happy memories	memories	younger
believe	crying	dad	gone	life	long	long gone	loved	man	mom	mom dad	oh	posting	sang	singing	thanks	thanks posting
broken	favorite	got	song	thanks	way	youtube
age	days	high	high school	reminds	school	school days	song	song reminds	wonderful
dad	miss	miss dad	morning	parents	parents played	played	played song	saturday	song
beautiful	beautiful song	hear	hear song	kind	listen	miss	mom	morning	song	song used	sunday	used	used listen
16	1963	great	great song	old	song	youth	yrs
bring	don	don know	know	people	sing	wish
heard	heard song	old	old heard	old heard song	song	years	years old
10	50	60	brenda	dear	early	early 60	emotions	hearing	late	like	old	records	thank	time	turn	turn time	voice	wonderful	wonderful voice	year	year old
1963	bye	heard	missed	strong	time	time heard	way
days	listen	lovely	old	old days	songs	time	turn	turn time	wish
beautiful	beautiful song	end	nostalgia	song	world
12	12 years	12 years old	1963	brenda	brenda lee	lee	old	old remember	remember	voice	years	years old	years old remember
beautifully	bring	song	song bring	songs
beautiful	hearing	melody	time	tune
10	11	old	remember	sure	tv	voice	year	years	years old	young
flies	oh	time	time flies	wow
childhood	era	goes	going	kids	lives	music	music wise	played	teen	tune	wise
1963	high	high school	sad	school	senior	song
13	1963	music
brenda	didn	didn know	grew	grew listening	know	listening	song	soul	version
brenda	brenda lee	childhood	lee	lol	older	years
10	10 years	10 years old	big	big sister	bless	god	god bless	later	old	old song	played	played song	sad	sister	sisters	song	song time	time	time time	years	years later	years old	years old song
artist	brilliant	great	music	youth
hard	heard	remember	remember time	time	time heard
broke	left	played	played radio	radio	song
day	knowing	listen	listen song	literally	little	lots	nostalgia	song	song little	toddler	used	used listen	used listen song	world
away	beautiful	cancer	early	growing	lord	loved	miss	passed	passed away	reminds	sister	took	young
beautiful	beautiful video	great	great song	memories	memories thank	song	song memories	thank	video
bring	like	listening	listening music	memories	miss	music	music like	radio	wonderful	wonderful memories	youtube
50	50 years	ago	listening	love	love miss	miss	turn	turn clock	years	years ago
grow	hit	knowing	make	passed	sad
2019	70	better	better world	bringing	childhood	listening	lived	memories	memories childhood	radio	really	station	world
2019	60s	60s 70s	70s	childhood	listening	november	really	remembering	songs
don	don know	kind	know	know song	song	soul	takes	word
just	late	lonely	love	love songs	memories	reminds	sister	songs	used
dad	remember	remember dad	singing
16	1963	makes	youth
nostalgic	nostalgic song	song
1963	bad	big	brenda	dear	died	friend	girl	good	good good	got	grandfather	great	great singer	great songs	high	high school	junior	junior high	junior high school	lost	night	school	senior	singer	small	songs	state	year
just	knew	knew word	sang	sleep	word
liked	music	old	song	song thank	thank	understand	young
best	child	great	heard	just	long	really	song	song best	takes	ve	version	world
1963	50	came	dad	home	like	morning	saturday	sitting	sounds	went
heard	love	music	young
lovely	nostalgia	sad	sweet
60	come	early	early 60	omg
11	car	grandfather	heaven	music	play	play music	reminds	way
memories	years
brother	fantastic	listen	old	old song	old song popular	play	popular	song	years	years old	years old song
child	days	good	good old	good old days	life	old	old days	play	real	teenage
55	age	dad	day	died	loved	loved song	miss	mum	old	parents	song	years	years old
13	old	remember	remember song	song	years	years old
dad	dances	did	generation	goes	head	hear	hear song	living	love	mom	passed	reminds	song	song reminds
away	grade	hope	kind	life	love	man	oh	oh man	song	song love
best	brings	brings good	brings good memories	came	car	good	good memories	hear	hear song	im	like	like love	love	love songs	memories	old	oldies	song	song like	songs	songs brings	songs brings good	station	years	years old
bring	time
60s	60s 70s	70s	80s	childhood	dances	didn	don	don know	favourite	girl	gone	great	great songs	hear	high	high school	just	just love	know	long	long gone	love	money	music	night	parties	rock	school	school dances	songs	summer	today	wonderful	youth
came	days	did	feel	got	pain	reminded	school	school days	sweet
away	best	best friend	boyfriend	friend	kept	playing	reminds	song	song reminds
beautiful	beautiful song	childhood	song	song childhood	woman
came	children	comes	day	don	felt	hear	heard	heard song	just	like	like song	looking	mind	money	mother	old	old heard	old heard song	school	sharing	song	thirteen	thirteen years	thirteen years old	years	years old
bring	days	good	good old	good old days	old	old days	song	sure
brings	emotions	girlfriend	song
40	childhood	hit	remember	remember childhood
evokes	happy	happy memories	memories	memories thanks	thanks
memories	miss	miss old	old	old memories	yes
13	1960	age	appreciate	artists	beautiful	great	knew	knew song	love	parents	sing	song	song used	songs	used	used sing
ago	boy	high	high school	long	remember	school	young	young remember
beautiful	beautiful music	beautiful time	changed	glad	handsome	knew	knew word	music	music wise	people	say	time	wise	word
away	best	heart	lonely	love	oldies	ones	parents	parents love	passed	passed away	remember	song	song best
marvelous	moments	nice	remember	thank
brings	brings memory	happened	memory	music	voice	wow
better	bless	brenda	brenda lee	child	days	god	god bless	great	great singer	happy	lee	life	make	marvelous	memories	singer	thanks
best	favorite	feel	love	makes	makes feel	old	old songs	songs	thanks	today	young
beautiful	beautiful voice	heart	nostalgic	sounds	voice
believe	came	came radio	heard	heard song	loved	missed	radio	song	today	years
missed	young
brings	brings memories	memories	miss
ago	boy	come	father	just	just come	little	memories	really	song	years	years ago
2018	beautiful	marvelous	moments	remember	song	song remember	thanks
2018	dear	good	great	great song	like	listen	passed	remembering	song	thanks	time	time passed
forgot	memory
listen	singer	teenager
bringing	days	happy	happy days	memories	wonderful	wonderful memories
67	heard	love	loved	older	song	years	young
17	17 years	17 years old	ago	friends	going	lyrics	old	old song	old song popular	popular	sing	singing	song	songs	speakers	town	years	years ago	years old	years old song
12	12 years	12 years old	1963	brenda	brenda lee	buy	couldn	everyday	got	just	lee	little	love	mobile	night	old	played	played radio	radio	records	single	sleep	songs	state	think	went	years	years old
1963	days	early	hope	listening	lovely	lovely song	really	right	school	song	used
bring	music	nice	simpler	times	times bring	tune
awesome	awesome memories	brings	brings awesome	brings awesome memories	memories
14	15	15 years	danced	days	early	love	love song	old	party	philippines	really	reminds	romantic	sister	song	think	time	years	years old
childhood	memories	passed	years
love	memories	memories love
70	benson	childhood	great	reason	reminds	song	song reminds	tune
brought	days	great	song	thanks	wow	wow song
miss	oh	times
days	good	good old	good old days	like	like song	old	old days	song
age	dad	dad used	dad used play	didn	didn know	english	know	learned	like	like years	oh	old	old dad	play	play song	remember	remember song	song	song remember	song remember song	used	used play	used play song	years	years old
70	early	germany	memories	mind	wow
brought	child	memories	remember	remember song	remember song child	song	song child	song remember	song remember song	sweet	sweet memories	tv
ex	love	reminds	sunday
brings	brings great	brings great memories	childhood	great	great memories	memories	song	song childhood
day	didn	didn really	hear	like	like time	long	love	nostalgia	really	reminds	saw	song	song reminds	teenager	time	used
classic	memories
40	40 years	40 years ago	ago	brought	brought memories	like	like yesterday	memories	really	remember	song	song like	words	years	years ago	yesterday
days	evokes	gone	makes	memories	memories makes	old	old memories	song	timeless	timeless song
come	day	distant	gone	hearing	hearing song	hope	karen	lives	long	long gone	lost	loved	memories	memories come	miss	music	new	ones	past	remember	song	think	totally	years
ago	chinese	day	day heard	english	forget	heard	listening	memory	music	nearly	remember	remember day	say	small	songs	teenager	time	town	years	years ago
1970	70	childhood	great	great memories	kind	kind music	memories	memories childhood	miss	mom	music	music miss	playing	radio	sitting	sun	wonder	years	young
band	good	good times	great	like	sound	times	wish
70s	awesome	great	great time	kid	loved	time	times
father	heard	heard song	memories	morning	mother	song	sung	young
brings	friends	listening	precious	teen	teen years	years
great	great times	kid	little	makes	remember	song	song makes	times
brings	oldies	past	tears	times
great	group	loved	memories	memories great	music	wonderful	wonderful memories
dance	house	miss	play	really	really miss	record	song	stereo
16	came	good	good memories	memories	wow
1976	certainly	dances	did	hard	heart	just	love	makes	records	smile	tracks	year
lady	reminds	song	song takes	special	takes	way
70	brings	brings great	great	memories
1977	fell	fell love	grade	high	high school	john	love	love song	loved	loved love	real	school	song	summer	year
19	australia	brings	cassette	life	lonely	love	memories	music	music brings	north	nostalgia	old	older	past	playing	year	year old
dance	days	fantastic	hold	loved	miss	miss days	mobile	people	phone	really	really miss	right	song	song takes	summer	takes	takes right
got	graduated	great	great memories	just	memories
memories	music
childhood	heart	love	love song	reminds	reminds childhood	song	song reminds	song reminds childhood	sweet
70s	box	bring	cd	damn	danced	day	good	good times	kid	like	listened	room	songs	songs like	times	used	world
days	hearing	miss	miss days	oldies
40	40 years	angel	brings	girl	good	like	listened	long	long time	loved	memories	nice	really	songs	time	times	year	years
14	14 years	14 years old	45	beautiful	beautiful song	did	disc	don	got	home	old	old disc	old remember	played	player	record	remember	remember times	song	times	years	years old	years old remember
good	years
beautiful	beautiful memories	listening	listening song	memories	memories listening	song
dad	driving	good	good memories	grade	man	memories	music	old	old school	playing	remember	riding	school	way
beach	brings	brings good	car	day	day heard	fell	fell love	felt	good	grandma	heard	just	listening	love	love song	memory	old	old remember	remember	remember listening	song	summer	thats	years	years old	years old remember
12	1976	70	best	best disco	disco	holiday	love	nearly	records	reminds	summer
artists	brings	brings memories	brings memories great	great	great song	group	memories	memories great	song
18	18 years	1976	just	just want	listen	old	old just	taken	want	years	years old	years old just
actually	dancing	days	fun	soul	takes	watching
15	70	actually	best	best song	blue	brand	called	entire	heard	heard song	introduced	life	little	man	new	pilot	plane	played	played song	saw	song	speakers	time	went
10	10 years	10 years old	47	brings	good	good good	like	old	wow	years	years old
dancing	disco	great	great memories	memories
generation	hear	make	new	nostalgia	old	old songs	really	song	songs	thank	want
2019	days	good	good old	good old days	listening	old	old days	philippines	reminiscing
20	karen	listening	nostalgia	period	reason	rip	time	time period	way
bring	times	times bring
beat	beautifully	cancer	close	did	doing	favorite	favorite song	forever	friend	haven	hear	heard	hope	joy	karaoke	karen	karen carpenter	life	liked	lost	remind	said	sing	singing	song	songs	swear	time	voice	years
changed	gone	good	good times	looking	makes	makes today	makes today sad	sad	sad changed	times	times makes	times makes today	today	today sad	today sad changed	years
best	childhood	memory
awesome	listen	nostalgic	sweet	tune
boy	chinese	country	grandma	listen	listen song	missed	people	remember	remember time	song	time	want	world
kid	makes	song	song makes	want
childhood	lovely	lovely memories	memories	takes	takes childhood
carefree	days	forever	good	good old	good old days	kept	life	listen	listen song	makes	memories	memories forever	memories memories	old	old days	reminded	right	song	things	time	time listen	time listen song
70	better	better world	miss	simpler	times	world
2019	come	memories	memories come
reminds	song	song reminds	young
brings	brings good	brings good memories	car	carpenters	good	good memories	hear	loved	memories	mom	riding	singing	songs	songs brings	songs brings good	tunes
brings	brings childhood	childhood	childhood parents	parents	song	song brings	song brings childhood
70s	brings	brings memories	early	early 70s	good	good times	growing	memories	times
07	1977	2019	august	carpenters	exactly	husband	memories	met	nice	radio	today	wonderful	wonderful memories
57	fast	great	great times	just	looking	makes	passed	sad	teenager	think	time	time passed	times
19	ago	cassette	growing	mom	nostalgia	playing	remember	remember mom	tape	times	years	years ago
50	50 years	ago	brings	song	song brings	years	years ago
beautiful	beautiful song	daughter	days	happy	happy days	july	passed	remembering	song	song takes	takes
2019	brings	brings memory	girl	june	june 2019	lane	listening	listening song	lot	memory	memory lane	song	song brings	today
beautiful	mom	nostalgic	sing	used	used sing
2019	great	great memories	june	june 2019	memories	memories great	played	time	times	unforgettable	unforgettable memories
cried	did	elementary	elementary school	feeling	flies	getting	listened	listened song	lyrics	quite	school	song	time	time flies	time listened	understand	understand lyrics
cause	crying	dad	days	listen	listen song	old	old days	reminds	song
15	brought	brought tears	brought tears eyes	childhood	eyes	friend	listen	really	reminded	sang	school	tears	tears eyes	today
anymore	changed	fast	innocent	like	makes	memories	oh	past	people	person	relive	sad	tears	things	things changed
50	50 60	50 60 70	60	60 70	70	alive	days	doing	eye	gives	gonna	good	good days	goosebumps	got	heard	heard song	leave	ll	nostalgic	old	old gives	remember	song	song years	years	years old
2018	august	brings	brings wonderful	brings wonderful memories	childhood	hear	heard	heard song	la	la la	listening	memories	memories childhood	song	time	time hear	wonderful	wonderful memories
beautiful	boy	childhood	childhood memories	days	lyrics	memories	oh	played	remember	sweet	voice
age	childhood	childhood memories	died	grandma	memories	missed
beautiful	bring	childhood	childhood days	days	girl	happy	happy memories	head	hear	hearing	hearing song	just	just hear	little	little girl	lot	memories	memories childhood	played	played radio	playing	radio	remember	remember hearing	song	song played
2019	come	favorite	favorite song	growing	june	june 2019	nostalgia	song
absolutely	bad	childhood	feel	great	great song	heard	just	just heard	like	listen	listen song	love	make	melody	school	song	song like	song time	student	time	voice	want
18	car	english	kindergarten	know	learned	mum	remember	remember times	sing	song	times	year
days	reminds	song	song reminds	teenager
1973	angel	away	karen	karen carpenter	mother	passed	passed away	rip	song	song takes	takes	time	voice
50	50 60	50 60 70	60	60 70	70	73	80	angel	big	called	called teen	day	friends	glad	graduated	great	great songs	just	knew	love	loved	memories	memories great	oldies	sisters	song	songs	teen	thanks	words
16	fast	flies	hear	hear song	love	love old	old	song	time	time flies	times
kindergarten	love	past	play	play song	remember	song	song love	teacher
childhood	reminds	reminds childhood	song	song reminds	song reminds childhood
12	boy	bring	changed	heard	heard song	high	high school	junior	junior high	junior high school	just	love	love song	memories	school	song	tears	teenage	time	time heard	time heard song	times
14	died	feel	grandmother	heard	heard song	little	makes	makes feel	nostalgic	old	really	remember	remembered	sad	singing	singing song	song	song little	song makes	years	years old
bring	bring memories	grow	just	listen	listening	listening song	memories	sing	song	song bring	song listening	song listening song
childhood	favorite	finally	memories	song
just	loved	loved song	player	remembered	song
childhood	hear	hear song	radio	song	time
1973	feel	feel like	forever	greatest	hit	like	remember
childhood	childhood days	days	everytime	kid	kind	kind music	like	like time	listen	music	music like	parents	play	time
childhood	clearly	favorite	favorite song	omg	radio	song
amazing	childhood	feel	feel like	like	listen	listening	night	old	old song	sleep	song	song amazing	years	years old	years old song
brought	brought memories	cassette	classic	kid	listen	listen song	memories	song	used	used listen	used listen song
1970s	days	early	elementary	elementary school	school	school days	takes
childhood	cried	day	forever	getting	just	just want	loved	older	people	stay	want	way
2019	bring	memories	nice	nice memories	song	song bring
40	40 years	away	beloved	friends	leaving	listen	listen song	memories	memory	passed	passed away	past	remember	song	unforgettable	unforgettable memories	years
beautiful	beautiful song	beautiful song reminds	reminds	song	song reminds	young
1970s	40	40 years	40 years ago	able	ago	band	beautiful	brings	brings memory	childhood	classic	country	heard	love	love songs	memory	old	player	sing	songs	songs brings	strong	years	years ago
ago	days	karen	lost	makes	painful	really	sadly	song	song makes	today	way	wish	wish yesterday	world	years	years ago	yesterday
baby	carpenters	childhood	damn	good	good old	hit	lol	loud	lullaby	mum	old	sang	tape	times	yes
brings	brings memories	favorite	favorite songs	memories	songs	time
anymore	beautiful	beautiful song	beautiful song brings	brings	brings childhood	childhood	childhood memories	memories	song	song brings	song brings childhood
1973	beautiful	beautiful time	came	experienced	lives	music	place	radio	song	student	thats	time	years	yesterday
30	30 years	30 years ago	ago	boy	long	long time	mind	romantic	school	song	time	years	years ago
nostalgia
best	best memory	kid	memory	song
miss	remember	remember song	remember song young	song	young
12	beautiful	girls	hear	hear song	just	remember	romantic	said	song	song beautiful	thank
carpenters	couldn	dad	days	introduced	karen	left	memories	putting	remember	sad	stay	thank
car	childhood	listen	listen song	reminds	reminds childhood	song	used	used listen	used listen song
album	bringing	brothers	fell	fell love	floor	house	listening	listening music	living	love	music	player	pop	record	record player	remember	room	sat	song	voice
40	40 years	40 years ago	ago	away	brother	children	hearing	listening	listening music	loved	loved listening	loved listening music	music	passed	passed away	reminds	years	years ago	younger
forget	grade	heard	heard song	life	song	time	time heard	time heard song	time life
hard	memories	reminds	youth
beautiful	bring	childhood	happiest	memory	song	song bring
come	grew	heart	memories	memories come	nice	nice memories	song	song time	time	touches
brings	yesterday
song	wish	wish yesterday	yesterday
bad	childhood	come	just	just come	listen	miss	miss old	old	sleep
childhood	happy	happy times	miss	reminds	reminds childhood	song	song reminds	song reminds childhood	times
childhood	want
1973	45	beautiful	did	heard	heard song	music	radio	record	singing	song	station	store	suddenly	thing	unknown	way	wonderful
70s	fresh	missed	sadly	sadly missed	sounds	today
cassette	mom	play	reminds	sunday
10	10 years	everytime	just	kid	listened	piece	remember	time	time listened	years
certainly	cried	elementary	elementary school	english	favorite	favorite songs	grade	just	listen	radio	school	songs	sure	time	young
away	gone	just	just like	like	like years	like yesterday	listen	songs	years	yesterday
beautiful	big	childhood	coming	everytime	father	hear	heard	karen	later	left	liked	nearly	old	remember	remember song	riding	say	smile	song	soon	thank	truly	voice	wonderful	wonderful song
80s	good	happiest	hear	hear song	reminds	sad	song	song reminds	time	time hear	time hear song	time sad
beautiful	beautiful memories	bringing	childhood	days	favorite	favorite songs	good	good old	good old days	happy	karen	lots	memories	memories thanks	miss	old	old days	reminds	reminds happy	singing	song	song miss	songs	thanks	wonderful	wonderful song	years
lyrics	old	time
best	best memories	best memories come	clearly	come	come clearly	memories	memories come	song
actually	family	friends	reminds	song
1973	beach	beautiful	beautiful song	beautiful song brings	brings	brings memories	great	great song	great voice	hear	memories	played	song	song brings	song brings memories	song great	time	time hear	time time	voice	weeks	yesterday
best	best memories	come	friend	happy	happy times	just	just yesterday	long	lost	make	memories	miss	really	times	yesterday	yesterday best
best	brings	days	fond	golden	good	memories	memories good	old	old memories
bringing	doing	drive	emotions	gone	good	good good	good memories	great	great memories	great voice	innocence	karen	kids	lane	life	memories	memories great	memory	memory lane	music	old	real	record	records	rip	sad	soon	trip	trip memory	trip memory lane	used	voice	years	years old
changed	heart	life	line	lyrics	makes	makes today	makes today sad	really	remember	sad	sad changed	song	time	today	today sad	today sad changed	want	wish	wish time	words
beautiful	brought	brought memories	day	feel	good	lot	memories	memories good	nice	ones	page	remember	remember singing	school	singing	song	thanks	time
childhood	childhood memories	forever	make	memories	memories forever	remind	young
brings	brings memories	memories	mom	really	sing	used	used sing
1973	date	lingers	memories	singing	singing song	song
beautiful	beautiful voice	bring	bring memories	gone	grew	just	love	memories	music	songs	voice
70s	growing	kid	reminds	song	song reminds
1960	2018	born	day	friend	great	great time	know	life	listen	love	love old	missed	old	old songs	really	songs	till	time	time great	use	years
20	close	eyes	hear	listen	listen song	long	love	missed	mom	reminds	singing	single	song	song reminds	till	time	time listen	time listen song	ve	words	years
bring	bring childhood	childhood	song	song bring
childhood	kid	mum	play	takes	takes childhood	use
1976	brings	brings memories	grade	memories	memories thanks	miss	played	songs	teacher	thanks	year
album	childhood	favorites	grew	grew listening	listening	voice
brings	brings childhood	childhood	days	love	love miss	miss	miss days
best	best memories	best memories come	clearly	come	come clearly	memories	memories come
bringing	childhood	childhood parents	finally	hear	let	old	parents	radio	thank	years	years old
heaven	introduced	listening	memories	mother	remember	song	song listening	thank
feeling	nostalgic	school	time
2018	amazing	best	best memory	clearly	come	come clearly	listening	memory	voice	wow	yesterday	yesterday best
1970	carpenters	june	late	memory	nice	playing	radio	remember
child	dad	memories	miss	mum	mum dad	music	music miss	oh	trips
away	come	memories	old	old memories
age	anymore	beautiful	crazy	did	listened	love	makes	memories	memories love	miss	songs	things	young
days	listened	loved	loved songs	missed	song	songs	understand
10	15	15 years	60s	brings	brings memories	brings memories remember	came	early	early 60s	funny	listening	look	memories	music	old	old song	remember	remember listening	reminiscing	song	song brings	song brings memories	song came	teenager	years	younger
brings	brings memories	early	happy	left	memories	music	music brings	sad
beautiful	beautiful song	song	wish	wish yesterday	years	yesterday
album	car	finally	grandpa	listened	oh	oh oh	remember	years
beautiful	middle	miss	miss beautiful	school	song	times
days	just	listen	listen song	miss	miss days	night	song	stop	tears	time	time listen	time listen song
30	30 years	best	brings	brings tears	childhood	childhood days	days	emotions	forgot	growing	like	like yesterday	lived	past	singers	singing	song	song brings	song childhood	tears	years	yesterday	yesterday best
early	hear	hear song	memories	mind	song	wow
actually	brings	brings memories	chinese	different	english	happy	kid	listen	memories	mom	played	played song	remember	remember song	said	song	song brings	song brings memories	till	understand
changed	gone	good	good times	looking	makes	makes today	makes today sad	sad	sad changed	times	times makes	times makes today	today	today sad	today sad changed	years
father	help	just	kid	listen	listen song	lyrics	music	passed	room	song	song just	song years	stop	tape	tears	understand	understand lyrics	years
bought	brand	buy	country	days	listen	listen song	lyrics	money	music	ones	play	play music	player	remember	sadly	song	song remember	teenager	time	today
did	gives	goes	just	just yesterday	memories	passed	past	song	time	yesterday
appreciate	childhood	family	great	great voice	happy	happy times	just	knew	listened	listened song	lyrics	melody	nice	pain	song	song just	times	voice
alive	brings	brings great	felt	great	life
best	best disco	dancing	disco	night	remember	town
childhood	childhood memories	lots	memories
brother	friends	high	home	playing	remember	remember playing	saturday	song	watch
days	good	good old	good old days	old	old days	reminds
14	15	bar	came	jukebox	knew	loved	playing	pop	time	uk
2019	absolutely	absolutely love	brings	brings memories	dad	day	forever	july	life	life love	little	love	memories	miss	miss dad	playing	rip
band	bringing	england	great	lovely	lovely memories	memories	memories thank	song	song great	thank
1963	57	age	comes	did	feel	hear	listening	little	machine	music	people	time	time machine	today	want	way
60s	amazing	born	came	gold	grow	just	just amazing	just love	listen	love	love music	mum	music	song	song came	sunday	years
1966	45	best	bought	bought 45	certainly	day	great	music	old	perfect	played	player	record	record player	singers	song	teenage	thirteen	thirteen years	thirteen years old	watch	wonderful	years	years old
drums	great	great song	heard	little	oh	older	perfect	playing	records	remember	remember playing	say	singing	sisters	song	teenager	tried	years	yes	young
memories	nostalgic	thank
10	bringing	brother	favorite	home	record	remember
away	best	best music	best music brings	brings	brings great	british	fast	great	high	high school	memories	music	music brings	school
beatles	did	good	good memories	high	high school	kids	listening	listening music	makes	memories	memories makes	music	old	school	singing	thing	youth
12	12 years	12 years old	1966	great	memories	music	old	old memories	time	way	year	years	years old
brings	brings memories	love	memories	timeless
favorite	favorite song	husband	met	song	song takes	takes	time
away	awesome	best	best songs	brother	elvis	got	handsome	just	man	passed	passed away	records	rest	songs
great	great memories	great song	lot	memories	play	popular	senior	song	song great	song great memories	summer	year
child	feelings	living	song	song child
dad	dad loved	heaven	kid	loved	loved song	miss	miss dad	song	song used	sung	used
car	dad	listening	listening song	old	remind	school	song	way	years	years old
benson	listen	love	love song	memories	pure	sang	singing	song	song memories
forever	happy	happy memories	love	memories	party	played	played song	song	song love	young
cassette	listened	radio	remember	song	teenager	years
80	best	childhood	music	remembered
born	gentle	innocent	pure	sing	singer	times	today	way	wish
80	80 90	90	best	best music	best music brings	brings	brings great	brings great memories	good	great	great memories	love	love old	memories	music	music brings	old	song	song love	youth
brings	brings lot	brings lot memories	dance	good	lasted	lot	memories	memories song	played	played song	sister	song	wedding	years
80s	brings	brings memories	loved	memories	released	song	swear
18	18 years	beautiful	fast	goes	listen	memories	memories time	song	time	years
17	17 years	17 years old	1987	beautiful	beautiful song	brings	brings memories	just	just like	like	memories	old	old just	song	years	years old	years old just
1988	best	best friend	dance	friend	remember	song	song best	summer
80s	beautiful	beautiful music	childhood	experienced	happy	love	makes	music	song	song takes	takes	takes childhood	wow	wow song	years
40	80	80 90	90	brings	brings memories	era	glad	got	memories	mid	sad	teenager	years
best	best thing	happy	just	just wish	knowing	life	life just	live	ll	rest	song	thing	turn	turn clock	wish
bring	build	build time	build time machine	machine	music	need	time	time machine
damn	dance	dances	high	high school	school	school dances	takes
love	love song	loving	memories	met	reconnected	song	years
80	feeling	gonna	love	love song	song
1980	car	forget	happy	lady	love	makes	miss	song	song makes	think
actually	date	girl	happy	life	like	like love	living	love	make	marriage	money	phone	place	sad	taken	things	time
days	favorite	favorite song	reminds	song	song reminds	timeless
beautiful	beautiful memories	beautiful song	beautiful song time	brings	brings beautiful	brings beautiful memories	heard	love	memories	met	song	song brings	song time	time	time heard	today	wife	woman
brings	brings good	childhood	childhood memories	good	love	love song	love song brings	memories	song	song brings	song brings good
brain	childhood	coming	great	great song	life	memories	song	song memories	youth
17	17 years	1987	awesome	awesome memories	brings	brings awesome	brings awesome memories	hear	hear song	kids	lasted	memories	raised	song	wedding	wonder	years
18	1988	fond	leaving	memories	party	summer
80	best	boy	dancing	era	girls	love	love songs	parties	remember	song	songs	time	young	young boy
away	brings	brings great	brings great memories	didn	didn know	family	felt	friends	great	great memories	heart	know	memories	past	song	time
beautiful	beautiful memories	beautiful memories love	beautiful song	close	eyes	listening	listening song	love	love song	memories	memories love	song	song listening	song listening song
12	forever	gave	girl	innocence	love	man	oh	oh man	old	old girl	released	song	stay	tape	time	year	year old
17	17 years	17 years old	19	1987	30	30 years	50	50 years	beach	beautiful	beautiful memories	brought	did	exactly	girlfriend	gives	lot	love	memories	mind	nostalgia	old	old gives	passed	song	time	video	watching	wonderful	years	years old	young
80	80 90	90	best	best years	best years life	life	miss	really	really miss	years
days	makes	nostalgic	school	school days
beautiful	beautiful song	beautiful song brings	brings	brings good	brings good memories	good	good memories	kind	kind music	memories	music	song	song brings	song brings good	younger
17	came	came tv	didn	didn really	going	holiday	know	know song	loved	loved song	really	remember	song	time	tv	ve
days	heard	heard song	man	memories	memories memories	miss	miss days	song	turned
days	wish	wish days
brings	brings young	gone	got	live	love	love old	love song	old	old school	phone	school	song	young
40	40 years	boy	brought	brought memories	come	fell	fell love	flies	innocent	knew	knew song	love	man	memories	memories time	old	optimistic	school	song	time	time flies	tv	watch	years	years old
18	30	30 years	30 years ago	80	ago	better	high	high school	love	music	school	sing	singing	true	try	used	used sing	years	years ago
beautiful	days	happy	happy days	happy memories	holiday	listening	listening song	memories	miss	mum	reminds	reminds happy	song	song reminds
girl	good	good memories	memories	song	tape
80	anymore	don	feel	feel nostalgic	fun	like	like anymore	music	nostalgic	nostalgic song	oh	singer	song	sweet
80s	build	build time	build time machine	machine	need	time	time machine
didn	grow	memories	old	old memories	wish
80s	best	best time	brings	brings good	brings good memories	good	good memories	life	life love	love	love music	memories	music	time	time life	wish
80	brother	drive	good	good times	reminds	song	song reminds	times	use
80s	90s	boy	brings	brings memories	changed	memories	miss	things	things changed	time	wish	wish time
14	14 years	14 years old	1966	beautiful	beautiful voices	brings	fantastic	john	live	old	rip	scott	thank	version	years	years old
60s	absolutely	brilliant	brothers	came	handsome	reminds	saw	song	song reminds	teenager	walker	went	wife	young
brings	brings memories	great	great song	memories	song	song brings	song brings memories	teenager
50	50 years	best	best time	music	thanks	time	years
best	best times	life	times
60s	beautiful	came	came uk	fantastic	girl	john	lady	loved	omg	place	uk	went
know	love	love song	song	time	wish	wish time
14	childhood	childhood memories	love	marry	memories	scott	steady	thanks	time	totally	walker	watched	wonderful
brings	brings memories	listen	memories	memories time	painful	period	song	time	time period
13	dances	doing	girls	going	great	great song	great voice	hit	line	long	man	old	remember	romantic	school	school dances	singing	singing song	song	song great	voice	year	year old
child	feel	feel nostalgic	music	nostalgic	thank
60	brings	brings wonderful	brings wonderful memories	england	loved	memories	steady	teen	teen years	watched	wonderful	wonderful memories	years
brilliant	brilliant song	favorite	favorite song	great	great voice	listening	little	mom	mums	remember	remember listening	song	song remember	voice
60s	bought	brilliant	concert	distant	going	hit	life	live	memories	pop	remember	sharing	song	summer	thanks	thanks sharing	warm
best	grew	happy	happy memories	memories
60	great	great songs	mums	radio	right	sing	songs	takes	takes right
1966	certainly	changed	got	high	high school	long	long time	school	time
brings	brings happy	brings happy memories	happy	happy memories	memories
2019	60	awesome	best	best song	brothers	era	gone	hearts	high	high school	john	music	raised	rip	rock	school	scott	song	songs	walker	yes	youth
10	16	came	days	feeling	girlfriend	got	hearing	hearing song	just	later	listening	lyrics	miss	miss days	music	music miss	old	old just	really	remember	remember hearing	song	true	written	year	year old	years	years later
2019	60	goosebumps	memories	song	teenager
big	come	did	know	little	memories	place	song	teens	wonderful	world
best	days	life	life simpler	music	real	real music	simpler
absolutely	absolutely love	days	love	love song	miss	miss days	sad	song	song miss	time	time sad
60	60 70	70	alive	felt	miss	optimistic	really
brings	brings lovely	brings lovely memories	favorites	lovely	lovely memories	memories	new	old	song	timeless	timeless song
anymore	broke	eyes	going	heart	listening	listening song	song	song takes	sun	takes	tears	tears eyes	thought
big	big sister	love	love miss	miss	reminds	sister	song	song reminds
10	brilliant	certainly	classic	era	great	listening	memories	memories listening	song	tune
bar	box	classic	days	early	innocent	loved	old	playing	reminds	sat	timeless	years	years old
brings	brings memories	brought	brought tears	brought tears eyes	called	eyes	memories	song	song brings	song brings memories	tears	tears eyes
brought	crazy	memories	memories thank	played	stop	teen	teen years	thank	years
cassette	child	listening	listening song	song	tape
brings	brings wonderful	brings wonderful memories	germany	listening	memories	memories listening	song	wonderful	wonderful memories
best	best years	best years life	life	music	music wise	takes	way	wise	years
came	club	day	days	good	good old	good old days	old	old days	song	song came
club	played	played song	remember	remember used	song	song time	teen	time	used
80	brings	brings memories	club	days	memories
don	guy	like	little	look	man	miss	oh
80s	great	just	just great	song	song just
damn	days	wish	wish days
90	90s	boy	dance	dance floor	dancing	floor	generation	just	man	miss	new	night
days	girls	school	school days	singing	takes
better	god	old	old school	roller	school	skating	takes
good	good times	listening	remember	remember listening	reminiscing	skating	times	track
brings	came	classic	classic song	damn	dance	dance floor	floor	friends	high	high school	literally	memories	right	school	song	song brings	track	use
awesome	awesome memories	brings	brings awesome	brings awesome memories	good	good times	memories	skating	times
brings	brings lot	came	day	good	good memories	got	looking	lot	man	memories	new	song	song years	thanks	years
1988	brings	brings memories	got	kind	memories	rocking	song
70	miss	say
80	best	best times	brings	brings memories	childhood	memories	memories childhood	times
70s	dad	dad used	little	memories	mom	precious	real	sing	used
girl	listening	little	little girl	love	parents	parents love	reminds
away	boyfriend	cassette	ex	grade	husband	late	later	listen	listen song	lol	miss	song	think	use
80s	car	didn	didn really	favorite	getting	hard	knew	know	know love	listen	love	mother	really	sing	song	time	turn	used	used sing
1980	40	age	brings	came	childhood	early	eye	forgotten	gives	lady	like	like yesterday	little	live	ll	long	lovely	lucky	nostalgia	old	old song	probably	right	saw	song	song came	sweet	warm	years	years old	years old song	yesterday
big	brings	brings memories	hit	love	makes	memories	say	song	song makes	words
day	miss	miss old	old	really	really miss
2019	broken	heart	high	high school	love	reminds	saying	school	state	truly
childhood	father	listen	listen song	remember	remember childhood	song	song remember
2019	fresh	memories	past	song	songs	wonderful
love	love song	song	song takes	takes	teenager	wow	years
feeling	love	love love	memories	memories thanks	omg	thanks	throw
carefree	days	leo	old	old days	remind	thank	yes
brings	classic	classic song	day	hear	memories	song	used	youth
30	30 years	gives	innocent	listening	listening song	love	nice	reminds	smile	song	years
2019	little	looking	love	parents	playing	radio	remember	sister	sitting	song
eyes	nostalgic	tears	tears eyes
dad	listen	listen song	nostalgia	song	soon
danced	happy	high	high school	roller	school	song	wedding	wife
80s	nostalgia	song	young
great	great song	makes	miss	past	song	song makes	today	world
father	kid	kid father	liked	miss	morning	school	song
14	14 years	14 years old	brings	brings memories	exactly	feeling	girl	hand	like	listening	listening song	long	love	memories	old	old girl	song	summer	year	year old	years	years old
birthday	ladies	love	miss	mum	remember	remember singing	school	singing	sister	song	wow	wow song	years
62	best	best song	dad	driving	forgotten	lol	middle	mom	mom dad	old	passed	remember	rip	say	song	song remember	time	time passed	wow	years	years old
brings	heart	memories	mind	sweet	sweet memories	thank
60s	60s 70s	70s	80s	beat	getting	nostalgic	songs
good	remember	remember song	remember song young	sang	sang song	song	song remember	song remember song	young
childhood	remind
day	feeling	fresh	gives	leaving	leo	loved	play	remember	school	single	songs	tracks	wow
1980	20	different	girlfriend	great	great memories	heard	heard song	memories	radio	song	way
better	brings	brings good	brings good memories	good	good memories	love	memories	song	song brings	song brings good	songs	thank
friend	girl	high	high school	remember	school
1980	machine	play	time	time machine	used	used play	wish	wish time
ago	days	missed	younger	younger days
bring	good	good memories	love	love song	memories	song	song bring
brings	brings memories	classic	memories	thank
50	50 60	50 60 70	60	60 70	70	80	better	brings	feelings	hear	life	love	love song	love song brings	miss	music	older	place	radio	song	song brings	songs	sung	understand	words
dad	growing	miss	miss dad	mom	played	played song	song
60s	60s 70s	70s	dad	love	love song	really	song	song time	time
bitter	bringing	memories	sweet
born	brings	brings memories	date	days	just	later	memories	miss	miss days	music	music miss	oh	real	real music
13	ago	boyfriend	cause	just	long	loud	memories	old	old just	reminded	sing	song	trips	used	years	years old	years old just
age	born	captured	elvis	grandmother	love	music	popular	really	sound	started	today	voice	years
21	bought	car	cd	crying	driving	later	loud	love	love song	marriage	remember	song	years	years later
